-- noinspection SqlResolveForFile

INSERT INTO CATEGORY (id, name) VALUES ('c07841f8-53d4-4ab7-b813-890125d2fed4', 'Clothes');
INSERT INTO CATEGORY (id, name) VALUES ('6ee962cb-04ad-42dc-a923-22b60d743c27', 'Electronics');
INSERT INTO CATEGORY (id, name) VALUES ('66fef740-b6e5-4474-8f2b-a03d0bb0ac13', 'Furniture');
INSERT INTO CATEGORY (id, name) VALUES ('35835fdf-3942-47f5-970a-9abdb38f3430', 'Toys');
INSERT INTO CATEGORY (id, name) VALUES ('773a2740-c050-41e6-b2b9-ed67eb2bbe51', 'Tickets');

INSERT INTO condition (id, name) VALUES ('191e8bea-7419-4b91-b31c-96a948e3d0a7', 'New');
INSERT INTO condition (id, name) VALUES ('5a324837-caf3-41b4-9a79-322533e69515', 'Used');

INSERT INTO product (id, name, description, price, image, category_id, condition_id) VALUES ('67bda2f4-283e-44b4-9f3e-dd98f4a1d63c', 'SonicBoom Speaker', 'Portable Bluetooth speaker with high-quality sound.', 45, 'https://pixabay.com/photos/speaker-loudspeaker-audio-music-1595695/', '6ee962cb-04ad-42dc-a923-22b60d743c27', '191e8bea-7419-4b91-b31c-96a948e3d0a7');
INSERT INTO product (id, name, description, price, image, category_id, condition_id) VALUES ('ead131c2-4a9b-4c83-afd6-c8292ddb1e47', 'ComfyStudy Chair', 'Ergonomic office chair with lumbar support.', 120, 'https://pixabay.com/photos/office-sitting-room-executive-sitting-730681/', '66fef740-b6e5-4474-8f2b-a03d0bb0ac13', '5a324837-caf3-41b4-9a79-322533e69515');
INSERT INTO product (id, name, description, price, image, category_id, condition_id) VALUES ('4c0a0aa8-401c-4799-8b39-f05607a2a6a5', 'Trailblazer Jacket', 'Waterproof and windproof outdoor jacket.', 60, 'https://pixabay.com/photos/jacket-clothing-men-s-fashion-743399/', 'c07841f8-53d4-4ab7-b813-890125d2fed4', '191e8bea-7419-4b91-b31c-96a948e3d0a7');
INSERT INTO product (id, name, description, price, image, category_id, condition_id) VALUES ('a570b945-665d-42e4-bf47-2ef719b4c3b8', 'PuzzleMaster 500', '500-piece jigsaw puzzle with vibrant artwork.', 20, 'https://pixabay.com/photos/puzzle-play-piecing-together-673250/', '35835fdf-3942-47f5-970a-9abdb38f3430', '191e8bea-7419-4b91-b31c-96a948e3d0a7');
INSERT INTO product (id, name, description, price, image, category_id, condition_id) VALUES ('8789a1e8-a175-4141-9d46-cf3626627d58', 'ConcertPass Deluxe', 'Ticket to the Summer Music Fest, VIP Access.', 150, 'https://pixabay.com/photos/ticket-concert-invitation-pass-466925/', '773a2740-c050-41e6-b2b9-ed67eb2bbe51', '191e8bea-7419-4b91-b31c-96a948e3d0a7');
INSERT INTO product (id, name, description, price, image, category_id, condition_id) VALUES ('d5b307ca-9cdc-459c-b21c-ab8d20b205f1', 'Galaxy Earbuds', 'Wireless earbuds with noise cancellation.', 80, 'https://pixabay.com/photos/headphones-headset-music-audio-3387931/', '6ee962cb-04ad-42dc-a923-22b60d743c27', '5a324837-caf3-41b4-9a79-322533e69515');
INSERT INTO product (id, name, description, price, image, category_id, condition_id) VALUES ('105fa621-042d-47c4-8deb-69e23f24af77', 'ZenBookshelf', 'Minimalist wooden bookshelf.', 150, 'https://pixabay.com/photos/bookshelf-furniture-design-wooden-3532950/', '66fef740-b6e5-4474-8f2b-a03d0bb0ac13', '5a324837-caf3-41b4-9a79-322533e69515');
INSERT INTO product (id, name, description, price, image, category_id, condition_id) VALUES ('a3b0d439-f8a3-46d1-bfae-555d1106d31d', 'Vintage Denim', 'Classic vintage style denim jeans.', 50, 'https://pixabay.com/photos/jeans-pants-blue-shop-428614/', 'c07841f8-53d4-4ab7-b813-890125d2fed4', '191e8bea-7419-4b91-b31c-96a948e3d0a7');
INSERT INTO product (id, name, description, price, image, category_id, condition_id) VALUES ('a5e9ff02-79ff-4546-b4b6-fb57f462d5b5', 'RoboDino', 'Interactive robotic dinosaur toy.', 30, 'https://pixabay.com/photos/toy-dinosaur-toy-figure-figurine-2384689/', '35835fdf-3942-47f5-970a-9abdb38f3430', '5a324837-caf3-41b4-9a79-322533e69515');
INSERT INTO product (id, name, description, price, image, category_id, condition_id) VALUES ('67444d30-ebcb-4da2-adc2-360c64d6263e', 'ArtGallery Pass', 'One-day pass to the Grand Art Gallery.', 25, 'https://pixabay.com/photos/ticket-admission-admit-entrance-1092173/', '773a2740-c050-41e6-b2b9-ed67eb2bbe51', '5a324837-caf3-41b4-9a79-322533e69515');
INSERT INTO product (id, name, description, price, image, category_id, condition_id) VALUES ('3d884170-adb8-4823-9819-e2570269d10d', 'ProCam X100', 'Professional digital camera with 4K support.', 500, 'https://pixabay.com/photos/camera-digital-camera-dslr-159862/', '6ee962cb-04ad-42dc-a923-22b60d743c27', '191e8bea-7419-4b91-b31c-96a948e3d0a7');
INSERT INTO product (id, name, description, price, image, category_id, condition_id) VALUES ('ac7c13da-6682-4086-9820-7e54ef857f96', 'DreamyNight Bed', 'Queen size bed with memory foam mattress.', 400, 'https://pixabay.com/photos/bed-bedroom-blanket-clean-1839183/', '66fef740-b6e5-4474-8f2b-a03d0bb0ac13', '191e8bea-7419-4b91-b31c-96a948e3d0a7');
INSERT INTO product (id, name, description, price, image, category_id, condition_id) VALUES ('e18f2fb5-d152-4520-87c7-3cc1a00eca54', 'SunHat Elegance', 'Wide-brimmed sun hat for summer days.', 25, 'https://pixabay.com/photos/hat-fashion-style-happy-sunhat-829491/', 'c07841f8-53d4-4ab7-b813-890125d2fed4', '5a324837-caf3-41b4-9a79-322533e69515');
INSERT INTO product (id, name, description, price, image, category_id, condition_id) VALUES ('00056d5a-a6b9-48ca-a2d9-df487e08eef3', 'SpeedRacer Car', 'Remote-controlled race car.', 35, 'https://pixabay.com/photos/rc-car-remote-control-terrain-auto-4787539/', '35835fdf-3942-47f5-970a-9abdb38f3430', '5a324837-caf3-41b4-9a79-322533e69515');
INSERT INTO product (id, name, description, price, image, category_id, condition_id) VALUES ('090c2bc0-a7c5-44c3-b513-7209e17eb221', 'SciFi Convention Entry', 'Ticket to the annual Sci-Fi & Fantasy Convention.', 40, 'https://pixabay.com/photos/ticket-roll-admission-tickets-315079/', '773a2740-c050-41e6-b2b9-ed67eb2bbe51', '5a324837-caf3-41b4-9a79-322533e69515');
INSERT INTO product (id, name, description, price, image, category_id, condition_id) VALUES ('c5d70692-9435-4b51-b624-16d200644339', 'QuickCharge Power Bank', 'High-capacity portable charger.', 30, 'https://pixabay.com/photos/power-bank-charger-mobile-4782021/', '6ee962cb-04ad-42dc-a923-22b60d743c27', '191e8bea-7419-4b91-b31c-96a948e3d0a7');
INSERT INTO product (id, name, description, price, image, category_id, condition_id) VALUES ('b0f6e577-997a-4342-bb42-7cc953ee753a', 'CozyBeanBag', 'Extra large bean bag chair.', 60, 'https://pixabay.com/photos/bean-bag-chair-furniture-beanbag-2563040/', '66fef740-b6e5-4474-8f2b-a03d0bb0ac13', '5a324837-caf3-41b4-9a79-322533e69515');
INSERT INTO product (id, name, description, price, image, category_id, condition_id) VALUES ('50a1511a-16f5-4deb-a560-447adfdc2a8c', 'Fitness Tracker Band', 'Wearable fitness tracker with heart rate monitor.', 45, 'https://pixabay.com/photos/smart-watch-arm-wrist-watch-821559/', 'c07841f8-53d4-4ab7-b813-890125d2fed4', '5a324837-caf3-41b4-9a79-322533e69515');
INSERT INTO product (id, name, description, price, image, category_id, condition_id) VALUES ('95ad64d4-748d-469f-8c7b-72f8d65e1ec4', 'MagicScience Kit', 'Science experiment kit for kids.', 20, 'https://pixabay.com/photos/cute-boy-child-playing-toy-kid-3194971/', '35835fdf-3942-47f5-970a-9abdb38f3430', '191e8bea-7419-4b91-b31c-96a948e3d0a7');
INSERT INTO product (id, name, description, price, image, category_id, condition_id) VALUES ('22601ff2-077d-410a-a63f-37e98361ba63', 'Museum Explorer Pass', 'Pass for exploring historical museums in the city.', 35, 'https://pixabay.com/photos/tickets-cinema-ticket-office-cinema-1027127/', '773a2740-c050-41e6-b2b9-ed67eb2bbe51', '5a324837-caf3-41b4-9a79-322533e69515');
INSERT INTO product (id, name, description, price, image, category_id, condition_id) VALUES ('a6353a7a-6169-42b1-ac65-c0ca8eb2a9bc', 'Portable Bluetooth Speaker', 'Compact speaker with impressive sound quality.', 50, 'https://pixabay.com/photos/bluetooth-speaker-amplifier-music-2599770/', '6ee962cb-04ad-42dc-a923-22b60d743c27', '5a324837-caf3-41b4-9a79-322533e69515');
INSERT INTO product (id, name, description, price, image, category_id, condition_id) VALUES ('c23f7e30-21bc-4f47-a82c-12f79cb899df', 'Elegant Study Lamp', 'LED study lamp with adjustable brightness.', 45, 'https://pixabay.com/photos/table-lamp-light-lighting-2562324/', '66fef740-b6e5-4474-8f2b-a03d0bb0ac13', '191e8bea-7419-4b91-b31c-96a948e3d0a7');
INSERT INTO product (id, name, description, price, image, category_id, condition_id) VALUES ('a7347ca0-df19-48a6-97a0-6b7fd9ee7f06', 'RainRunner Jacket', 'Lightweight waterproof jacket perfect for runners.', 70, 'https://pixabay.com/photos/jacket-clothing-sport-blue-2585810/', 'c07841f8-53d4-4ab7-b813-890125d2fed4', '191e8bea-7419-4b91-b31c-96a948e3d0a7');
INSERT INTO product (id, name, description, price, image, category_id, condition_id) VALUES ('0470a8bf-ac4a-4401-87af-ac21ab70c2f2', 'Castle Building Blocks', 'Wooden blocks for building castles and forts.', 25, 'https://pixabay.com/photos/game-blocks-tower-play-wood-5596231/', '35835fdf-3942-47f5-970a-9abdb38f3430', '191e8bea-7419-4b91-b31c-96a948e3d0a7');
INSERT INTO product (id, name, description, price, image, category_id, condition_id) VALUES ('d2ae33ab-d270-4db2-8a9e-0b58d40be9eb', 'National Park Pass', 'Annual pass to national parks and natural reserves.', 60, 'https://pixabay.com/photos/admission-coupon-admit-believe-2974645/', '773a2740-c050-41e6-b2b9-ed67eb2bbe51', '5a324837-caf3-41b4-9a79-322533e69515');
INSERT INTO product (id, name, description, price, image, category_id, condition_id) VALUES ('2dc40dbe-415f-4d4b-9bb8-889fcc8e9e8b', 'Sunrise Alarm Clock', 'Alarm clock that simulates sunrise for gentle waking.', 40, 'https://pixabay.com/photos/alarm-clock-time-of-good-morning-2116007/', '6ee962cb-04ad-42dc-a923-22b60d743c27', '191e8bea-7419-4b91-b31c-96a948e3d0a7');
INSERT INTO product (id, name, description, price, image, category_id, condition_id) VALUES ('57a94b19-ff0d-477b-a1df-7e6628617177', 'SpaceSaver Desk', 'Compact desk ideal for small spaces.', 120, 'https://pixabay.com/photos/desk-furniture-table-wood-space-5149757/', '66fef740-b6e5-4474-8f2b-a03d0bb0ac13', '191e8bea-7419-4b91-b31c-96a948e3d0a7');
INSERT INTO product (id, name, description, price, image, category_id, condition_id) VALUES ('e6ad0509-1da0-47ac-96b1-ffcfbee2532f', 'EcoFriendly Tote Bag', 'Reusable and eco-friendly shopping tote bag.', 15, 'https://pixabay.com/photos/bag-cotton-bag-carrying-bag-3623086/', 'c07841f8-53d4-4ab7-b813-890125d2fed4', '191e8bea-7419-4b91-b31c-96a948e3d0a7');
INSERT INTO product (id, name, description, price, image, category_id, condition_id) VALUES ('6a495c4e-699d-4f24-a5ed-eac05c5a5885', 'Superhero Action Figures', 'Set of 4 superhero action figures.', 40, 'https://pixabay.com/photos/superhero-toy-figurine-figure-5702578/', '35835fdf-3942-47f5-970a-9abdb38f3430', '191e8bea-7419-4b91-b31c-96a948e3d0a7');
INSERT INTO product (id, name, description, price, image, category_id, condition_id) VALUES ('d2a89db0-2305-4718-95ed-917f18cbd3e9', 'Live Jazz Night', 'Entry ticket to an exclusive live jazz evening.', 50, 'https://pixabay.com/photos/musician-trumpet-metal-jazz-349790/', '773a2740-c050-41e6-b2b9-ed67eb2bbe51', '191e8bea-7419-4b91-b31c-96a948e3d0a7');
INSERT INTO product (id, name, description, price, image, category_id, condition_id) VALUES ('23db2f77-5ef4-4cb0-b57b-df939e531093', 'StreamMic Pro', 'Studio-quality USB microphone for streaming.', 120, 'https://pixabay.com/photos/microphone-mixer-cable-jack-2618102/', '6ee962cb-04ad-42dc-a923-22b60d743c27', '191e8bea-7419-4b91-b31c-96a948e3d0a7');
INSERT INTO product (id, name, description, price, image, category_id, condition_id) VALUES ('e1c13a13-71c3-42a8-9b76-3680fd90e712', 'Orbit Swivel Chair', 'Modern swivel chair with ergonomic design.', 180, 'https://pixabay.com/photos/office-chair-furniture-room-table-3620197/', '66fef740-b6e5-4474-8f2b-a03d0bb0ac13', '5a324837-caf3-41b4-9a79-322533e69515');
INSERT INTO product (id, name, description, price, image, category_id, condition_id) VALUES ('858af888-cd59-4a05-9c4d-94ead1a71385', 'Winter Bliss Scarf', 'Soft, knitted winter scarf in various colors.', 30, 'https://pixabay.com/photos/knit-scarf-strickliesel-2099027/', 'c07841f8-53d4-4ab7-b813-890125d2fed4', '5a324837-caf3-41b4-9a79-322533e69515');
INSERT INTO product (id, name, description, price, image, category_id, condition_id) VALUES ('3627733f-0318-46e0-a516-395ec925d4c2', 'Dragon Plush Toy', 'Cuddly dragon plush toy for children.', 25, 'https://pixabay.com/photos/dragon-doll-toy-stuffed-animal-1616554/', '35835fdf-3942-47f5-970a-9abdb38f3430', '5a324837-caf3-41b4-9a79-322533e69515');
INSERT INTO product (id, name, description, price, image, category_id, condition_id) VALUES ('78b9609d-daf7-47df-aa78-a31e6238033b', 'Opera Night Extravaganza', 'Premium tickets to the Carmen opera night.', 90, 'https://pixabay.com/photos/berlin-opera-concert-hall-314254/', '773a2740-c050-41e6-b2b9-ed67eb2bbe51', '5a324837-caf3-41b4-9a79-322533e69515');
INSERT INTO product (id, name, description, price, image, category_id, condition_id) VALUES ('ba67663e-fb10-4d4c-96b3-09c1b902e5c1', 'VR Headset Adventure', 'Immersive virtual reality headset for gaming.', 200, 'https://pixabay.com/photos/virtual-reality-oculus-technology-2229924/', '6ee962cb-04ad-42dc-a923-22b60d743c27', '191e8bea-7419-4b91-b31c-96a948e3d0a7');
INSERT INTO product (id, name, description, price, image, category_id, condition_id) VALUES ('4bd8d21b-61d6-44b2-b3ad-df7ad073a850', 'Luminous Bedside Lamp', 'Contemporary bedside lamp with adjustable brightness.', 50, 'https://pixabay.com/photos/lamp-light-lighting-idea-bulb-1667331/', '66fef740-b6e5-4474-8f2b-a03d0bb0ac13', '191e8bea-7419-4b91-b31c-96a948e3d0a7');
INSERT INTO product (id, name, description, price, image, category_id, condition_id) VALUES ('32b61cdb-00c5-4d37-972a-fe1f7cce77fb', 'Trail Explorer Boots', 'Durable hiking boots suitable for all terrains.', 100, 'https://pixabay.com/photos/shoes-hiking-shoes-hiking-walking-566728/', 'c07841f8-53d4-4ab7-b813-890125d2fed4', '5a324837-caf3-41b4-9a79-322533e69515');
INSERT INTO product (id, name, description, price, image, category_id, condition_id) VALUES ('16447998-b211-4333-ad18-578390dae12c', 'Galaxy Puzzle 1000', '1000-piece jigsaw puzzle of the galaxy.', 35, 'https://pixabay.com/photos/puzzle-money-business-finance-2500333/', '35835fdf-3942-47f5-970a-9abdb38f3430', '5a324837-caf3-41b4-9a79-322533e69515');
INSERT INTO product (id, name, description, price, image, category_id, condition_id) VALUES ('7682bbf8-b86e-4bc0-b8b8-c43ae2077b59', 'Tech Conference 2023', 'Access pass to the International Tech Conference 2023.', 250, 'https://pixabay.com/photos/concert-confetti-party-event-2527495/', '773a2740-c050-41e6-b2b9-ed67eb2bbe51', '191e8bea-7419-4b91-b31c-96a948e3d0a7');
INSERT INTO product (id, name, description, price, image, category_id, condition_id) VALUES ('2898386d-6b8c-4748-bc20-e092bf401290', 'Echo Wireless Headphones', 'High-fidelity wireless headphones with ANC.', 85, 'https://pixabay.com/photos/headphones-radio-1950s-15600/', '6ee962cb-04ad-42dc-a923-22b60d743c27', '191e8bea-7419-4b91-b31c-96a948e3d0a7');
INSERT INTO product (id, name, description, price, image, category_id, condition_id) VALUES ('ab8553b9-7625-4172-9ae8-1ff8335b8d64', 'Skyline Office Desk', 'Modern office desk with a minimalist design.', 200, 'https://pixabay.com/photos/office-sit-work-desk-modern-1350989/', '66fef740-b6e5-4474-8f2b-a03d0bb0ac13', '5a324837-caf3-41b4-9a79-322533e69515');
INSERT INTO product (id, name, description, price, image, category_id, condition_id) VALUES ('0ebf7d70-77cf-47ce-87b5-621a52d473fa', 'Summit Hiking Backpack', 'Durable backpack for hiking and outdoor adventures.', 60, 'https://pixabay.com/photos/backpack-hiking-unisex-backpack-1836594/', 'c07841f8-53d4-4ab7-b813-890125d2fed4', '5a324837-caf3-41b4-9a79-322533e69515');
INSERT INTO product (id, name, description, price, image, category_id, condition_id) VALUES ('edc4adc4-103a-44e4-8668-92d590e2bd93', 'Aqua Magic Water Mat', 'Reusable water-drawing mat for kids.', 20, 'https://pixabay.com/photos/children-drawings-baby-paint-4557519/', '35835fdf-3942-47f5-970a-9abdb38f3430', '191e8bea-7419-4b91-b31c-96a948e3d0a7');
INSERT INTO product (id, name, description, price, image, category_id, condition_id) VALUES ('70dab2c0-a39e-4cc0-8ef1-c870a6192112', 'Gourmet Food Expo Pass', 'Entry pass to the international gourmet food expo.', 70, 'https://pixabay.com/photos/ticket-bill-tickets-bills-4063242/', '773a2740-c050-41e6-b2b9-ed67eb2bbe51', '191e8bea-7419-4b91-b31c-96a948e3d0a7');
INSERT INTO product (id, name, description, price, image, category_id, condition_id) VALUES ('cbef99fb-c4a0-4b3b-ba62-c9c17463312c', 'Solar Power Bank', 'Portable solar-powered charger.', 40, 'https://pixabay.com/photos/solar-panel-array-power-sun-1591356/', '6ee962cb-04ad-42dc-a923-22b60d743c27', '5a324837-caf3-41b4-9a79-322533e69515');
INSERT INTO product (id, name, description, price, image, category_id, condition_id) VALUES ('6561962a-c07c-4282-b447-59b7a0cf0578', 'Moonlight Floor Lamp', 'Elegant floor lamp with adjustable lighting.', 110, 'https://pixabay.com/photos/lamp-furniture-contemporary-light-1031149/', '66fef740-b6e5-4474-8f2b-a03d0bb0ac13', '191e8bea-7419-4b91-b31c-96a948e3d0a7');
INSERT INTO product (id, name, description, price, image, category_id, condition_id) VALUES ('dfd425ce-61ea-4aa6-9fdc-e9131a724733', 'Urban Leather Jacket', 'Stylish leather jacket for urban fashion.', 150, 'https://pixabay.com/photos/leather-jacket-clothing-leather-619064/', 'c07841f8-53d4-4ab7-b813-890125d2fed4', '5a324837-caf3-41b4-9a79-322533e69515');
INSERT INTO product (id, name, description, price, image, category_id, condition_id) VALUES ('136ef4a1-68dc-467a-b1fa-0cfa1904095f', 'Miniature Racing Set', 'Slot car racing set for kids and enthusiasts.', 45, 'https://pixabay.com/photos/game-toy-car-children-play-3049861/', '35835fdf-3942-47f5-970a-9abdb38f3430', '5a324837-caf3-41b4-9a79-322533e69515');
INSERT INTO product (id, name, description, price, image, category_id, condition_id) VALUES ('f6843c7e-f929-45ca-9f62-09e5596b8ed8', 'Jazz & Blues Night', 'Ticket to an exclusive jazz and blues music night.', 50, 'https://pixabay.com/photos/piano-music-score-music-sheet-1655558/', '773a2740-c050-41e6-b2b9-ed67eb2bbe51', '191e8bea-7419-4b91-b31c-96a948e3d0a7');
INSERT INTO product (id, name, description, price, image, category_id, condition_id) VALUES ('f0e1f2d3-2da2-4a80-8cca-af0936894cf7', 'Compact Drone with Camera', 'Lightweight drone with HD camera for photography.', 120, 'https://pixabay.com/photos/drone-uav-quadrocopter-4472016/', '6ee962cb-04ad-42dc-a923-22b60d743c27', '191e8bea-7419-4b91-b31c-96a948e3d0a7');
INSERT INTO product (id, name, description, price, image, category_id, condition_id) VALUES ('88beec96-3468-4921-a27d-b79742d4de77', 'Bamboo Bookstand', 'Eco-friendly bookstand made from bamboo.', 35, 'https://pixabay.com/photos/book-book-gift-by-heart-1421097/', '66fef740-b6e5-4474-8f2b-a03d0bb0ac13', '191e8bea-7419-4b91-b31c-96a948e3d0a7');
INSERT INTO product (id, name, description, price, image, category_id, condition_id) VALUES ('904f9e8c-007e-45b0-953c-b6e9b5c48024', 'Active Yoga Mat', 'Non-slip yoga mat for fitness enthusiasts.', 25, 'https://pixabay.com/photos/yoga-outdoor-w', 'c07841f8-53d4-4ab7-b813-890125d2fed4', '191e8bea-7419-4b91-b31c-96a948e3d0a7');
INSERT INTO product (id, name, description, price, image, category_id, condition_id) VALUES ('ab9b20df-8b62-46c1-b23e-ff16e41dc584', 'Mini Drone Explorer', 'Compact drone with HD camera and easy controls.', 90, 'https://pixabay.com/photos/drone-multicopter-dji-791392/', '6ee962cb-04ad-42dc-a923-22b60d743c27', '5a324837-caf3-41b4-9a79-322533e69515');
INSERT INTO product (id, name, description, price, image, category_id, condition_id) VALUES ('86705df0-a25c-4d0e-aae6-3b755c67422d', 'Arctic Office Chair', 'Ergonomic office chair with breathable mesh.', 140, 'https://pixabay.com/photos/office-chair-furniture-seat-chair-4480848/', '66fef740-b6e5-4474-8f2b-a03d0bb0ac13', '5a324837-caf3-41b4-9a79-322533e69515');
INSERT INTO product (id, name, description, price, image, category_id, condition_id) VALUES ('d2bfecc3-6153-4d0b-a54a-50a16d3523d5', 'Urban Backpack', 'Stylish, durable backpack for city commuters.', 70, 'https://pixabay.com/photos/backpack-bag-travel-mountains-1836594/', 'c07841f8-53d4-4ab7-b813-890125d2fed4', '5a324837-caf3-41b4-9a79-322533e69515');
INSERT INTO product (id, name, description, price, image, category_id, condition_id) VALUES ('069b29ac-7dac-479f-995c-1f8abbc0bb03', 'Electric Train Set', 'Realistic electric train set for kids and enthusiasts.', 55, 'https://pixabay.com/photos/train-toy-colorful-toy-train-3169969/', '35835fdf-3942-47f5-970a-9abdb38f3430', '5a324837-caf3-41b4-9a79-322533e69515');
INSERT INTO product (id, name, description, price, image, category_id, condition_id) VALUES ('c70135ad-3e43-46d5-85f9-009978294114', 'Culinary Workshop Pass', 'Entry to a weekend culinary workshop.', 120, 'https://pixabay.com/photos/cooking-course-cooking-school-647580/', '773a2740-c050-41e6-b2b9-ed67eb2bbe51', '191e8bea-7419-4b91-b31c-96a948e3d0a7');
INSERT INTO product (id, name, description, price, image, category_id, condition_id) VALUES ('285b4be3-379d-417f-bc39-bf7d800784c1', 'Waterproof Bluetooth Speaker', 'Portable, waterproof speaker for outdoor use.', 60, 'https://pixabay.com/photos/speaker-bluetooth-audio-4178808/', '6ee962cb-04ad-42dc-a923-22b60d743c27', '5a324837-caf3-41b4-9a79-322533e69515');
INSERT INTO product (id, name, description, price, image, category_id, condition_id) VALUES ('2e0d844a-bae9-4fb3-94f0-8570afa1f183', 'Retro Nightstand', 'Vintage-style nightstand with oak finish.', 80, 'https://pixabay.com/photos/bedroom-bed-side-table-1078889/', '66fef740-b6e5-4474-8f2b-a03d0bb0ac13', '5a324837-caf3-41b4-9a79-322533e69515');
INSERT INTO product (id, name, description, price, image, category_id, condition_id) VALUES ('433b7e85-8c69-4ebf-8e38-92f1767a12d3', 'Fitness Yoga Mat', 'Eco-friendly, non-slip yoga mat for fitness enthusiasts.', 35, 'https://pixabay.com/photos/yoga-fitness-exercise-health-2959216/', 'c07841f8-53d4-4ab7-b813-890125d2fed4', '5a324837-caf3-41b4-9a79-322533e69515');
INSERT INTO product (id, name, description, price, image, category_id, condition_id) VALUES ('c7813d2f-4816-4b9a-8542-77afc702ccb5', 'Build-Your-Robot Kit', 'DIY robot building kit for children.', 45, 'https://pixabay.com/photos/robot-diy-kit-building-2383804/', '35835fdf-3942-47f5-970a-9abdb38f3430', '5a324837-caf3-41b4-9a79-322533e69515');
INSERT INTO product (id, name, description, price, image, category_id, condition_id) VALUES ('5b895f82-e4ab-4488-bda2-393da8c0892f', 'Aquarium Family Pass', 'Family pass for a day at the marine aquarium.', 75, 'https://pixabay.com/photos/fish-aquarium-tank-water-1282410/', '773a2740-c050-41e6-b2b9-ed67eb2bbe51', '5a324837-caf3-41b4-9a79-322533e69515');
INSERT INTO product (id, name, description, price, image, category_id, condition_id) VALUES ('829c728b-942a-487b-9ef7-ce7db17b151e', 'E-Book Reader Classic', 'Lightweight e-book reader with e-ink display.', 110, 'https://pixabay.com/photos/ereader-tablet-ebook-digital-book-329798', '6ee962cb-04ad-42dc-a923-22b60d743c27', '5a324837-caf3-41b4-9a79-322533e69515');
INSERT INTO product (id, name, description, price, image, category_id, condition_id) VALUES ('3ebc28eb-4349-4fd3-bcbf-4971d7a81fd6', 'EchoSound Headphones', 'Over-ear noise-canceling headphones.', 85, 'https://pixabay.com/photos/headphones-headset-music-work-2557593/', '6ee962cb-04ad-42dc-a923-22b60d743c27', '191e8bea-7419-4b91-b31c-96a948e3d0a7');
INSERT INTO product (id, name, description, price, image, category_id, condition_id) VALUES ('e1102742-5626-4a32-a022-eb1f3efffe66', 'Oasis Hammock', 'Outdoor hammock with stand, perfect for relaxation.', 110, 'https://pixabay.com/photos/hammock-relaxing-leisure-summer-820010/', '66fef740-b6e5-4474-8f2b-a03d0bb0ac13', '191e8bea-7419-4b91-b31c-96a948e3d0a7');
INSERT INTO product (id, name, description, price, image, category_id, condition_id) VALUES ('bcd35d2e-5428-4a76-9e26-5aa9a8269109', 'EchoSound Headphones', 'Over-ear noise-canceling headphones.', 85, 'https://pixabay.com/photos/headphones-headset-music-work-2557593/', '6ee962cb-04ad-42dc-a923-22b60d743c27', '191e8bea-7419-4b91-b31c-96a948e3d0a7');
INSERT INTO product (id, name, description, price, image, category_id, condition_id) VALUES ('c53088a6-70fc-44f3-9c7a-63b0e174635e', 'Oasis Hammock', 'Outdoor hammock with stand, perfect for relaxation.', 110, 'https://pixabay.com/photos/hammock-relaxing-leisure-summer-820010/', '66fef740-b6e5-4474-8f2b-a03d0bb0ac13', '191e8bea-7419-4b91-b31c-96a948e3d0a7');
INSERT INTO product (id, name, description, price, image, category_id, condition_id) VALUES ('e6f63ae8-cfed-48ca-a88c-21acc196138e', 'Summit Hiking Backpack', '30L durable backpack for hiking and outdoor use.', 60, 'https://pixabay.com/photos/backpack-hiking-tourism-travel-1149544/', 'c07841f8-53d4-4ab7-b813-890125d2fed4', '5a324837-caf3-41b4-9a79-322533e69515');
INSERT INTO product (id, name, description, price, image, category_id, condition_id) VALUES ('b1675a38-aa22-4ef4-aa40-21650c663a33', 'Ocean Explorer Submarine', 'Remote-controlled submarine toy for pool use.', 45, 'https://pixabay.com/photos/u-boat-simulation-model-u-boat-model-3497214/', '35835fdf-3942-47f5-970a-9abdb38f3430', '5a324837-caf3-41b4-9a79-322533e69515');
INSERT INTO product (id, name, description, price, image, category_id, condition_id) VALUES ('9b3206d2-b42f-48f1-a0e2-e4095faf0973', 'Gourmet Food Expo Pass', 'Entry pass to the annual Gourmet Food Expo.', 50, 'https://pixabay.com/photos/admission-coupon-admit-believe-2974645/', '773a2740-c050-41e6-b2b9-ed67eb2bbe51', '5a324837-caf3-41b4-9a79-322533e69515');
INSERT INTO product (id, name, description, price, image, category_id, condition_id) VALUES ('cba19f2a-e3fd-4f9a-9860-c5729f68eb26', 'SkyDrone Pro', '4K camera drone with GPS and auto-return.', 300, 'https://pixabay.com/photos/drone-uav-sky-clouds-quadrocopter-4073933/', '6ee962cb-04ad-42dc-a923-22b60d743c27', '5a324837-caf3-41b4-9a79-322533e69515');
INSERT INTO product (id, name, description, price, image, category_id, condition_id) VALUES ('f06649f5-7346-49f6-b9aa-c3fd29ca6886', 'Twilight Floor Lamp', 'Modern floor lamp with adjustable settings.', 90, 'https://pixabay.com/photos/lamp-lighting-light-fixture-2286924/', '66fef740-b6e5-4474-8f2b-a03d0bb0ac13', '5a324837-caf3-41b4-9a79-322533e69515');
INSERT INTO product (id, name, description, price, image, category_id, condition_id) VALUES ('fb4a4184-05a2-4ea2-a662-483896e74a82', 'Urban Joggers', 'Comfortable and stylish joggers for everyday wear.', 35, 'https://pixabay.com/photos/active-athletic-exercise-fabric-1850927/', 'c07841f8-53d4-4ab7-b813-890125d2fed4', '191e8bea-7419-4b91-b31c-96a948e3d0a7');
INSERT INTO product (id, name, description, price, image, category_id, condition_id) VALUES ('19ee9cf3-7bf6-469e-a9c0-2e4e58958b2f', 'MasterChef Junior Kit', 'Kids cooking set for aspiring young chefs.', 30, 'https://pixabay.com/photos/child-s-cook-child-girl-cook-1937472/', '35835fdf-3942-47f5-970a-9abdb38f3430', '191e8bea-7419-4b91-b31c-96a948e3d0a7');
INSERT INTO product (id, name, description, price, image, category_id, condition_id) VALUES ('b89af26c-b063-4024-98db-c22661d1a5d3', 'Jazz Festival Weekend', 'Weekend tickets to the New Orleans Jazz Festival.', 120, 'https://pixabay.com/photos/concert-crowd-audience-people-768722/', '773a2740-c050-41e6-b2b9-ed67eb2bbe51', '191e8bea-7419-4b91-b31c-96a948e3d0a7');
INSERT INTO product (id, name, description, price, image, category_id, condition_id) VALUES ('048addd0-4ea3-454f-92a8-1933ba0bf07f', 'BeatSync Bluetooth Speaker', 'Compact Bluetooth speaker with dynamic light sync.', 55, 'https://pixabay.com/photos/speakers-speaker-music-sound-1595696/', '6ee962cb-04ad-42dc-a923-22b60d743c27', '5a324837-caf3-41b4-9a79-322533e69515');
INSERT INTO product (id, name, description, price, image, category_id, condition_id) VALUES ('6b4a5842-23e2-4e4b-aa24-7ad641ab9062', 'Serenity Rocking Chair', 'Wooden rocking chair for porch or nursery.', 130, 'https://pixabay.com/photos/rocking-chair-rocking-chair-422197/', '66fef740-b6e5-4474-8f2b-a03d0bb0ac13', '5a324837-caf3-41b4-9a79-322533e69515');
INSERT INTO product (id, name, description, price, image, category_id, condition_id) VALUES ('1fbda055-fb34-4824-b052-eb3b60001614', 'Classic Leather Belt', 'Genuine leather belt, a timeless accessory.', 40, 'https://pixabay.com/photos/leather-belt-buckle-belt-buckle-1633686/', 'c07841f8-53d4-4ab7-b813-890125d2fed4', '5a324837-caf3-41b4-9a79-322533e69515');
INSERT INTO product (id, name, description, price, image, category_id, condition_id) VALUES ('79c9a691-3f67-438b-99f9-78877e11f2f2', 'Build-A-Robot Set', 'DIY robot building kit for kids.', 35, 'https://pixabay.com/photos/robot-mech-machine-technology-507811/', '35835fdf-3942-47f5-970a-9abdb38f3430', '191e8bea-7419-4b91-b31c-96a948e3d0a7');
INSERT INTO product (id, name, description, price, image, category_id, condition_id) VALUES ('9d62aec0-cfce-4131-a9d0-a50fc802b707', 'Vineyard Tour and Tasting', 'Guided tour and wine tasting at a renowned vineyard.', 70, 'https://pixabay.com/photos/wine-glass-white-grapes-vineyard-1761613/', '773a2740-c050-41e6-b2b9-ed67eb2bbe51', '5a324837-caf3-41b4-9a79-322533e69515');
INSERT INTO product (id, name, description, price, image, category_id, condition_id) VALUES ('2042cd83-8773-4b54-a7ed-280a5068e500', 'NightVision Camcorder', 'Camcorder with night vision capability for vlogging.', 220, 'https://pixabay.com/photos/camera-digital-camera-dslr-159862/', '6ee962cb-04ad-42dc-a923-22b60d743c27', '5a324837-caf3-41b4-9a79-322533e69515');
INSERT INTO product (id, name, description, price, image, category_id, condition_id) VALUES ('ba37de19-a968-4288-8ca6-23ff0bae5826', 'Moonlight Wall Shelves', 'Set of three crescent moon-shaped wall shelves.', 65, 'https://pixabay.com/photos/interior-shelf-shelves-wall-wall-shelf-3481037/', '66fef740-b6e5-4474-8f2b-a03d0bb0ac13', '5a324837-caf3-41b4-9a79-322533e69515');
INSERT INTO product (id, name, description, price, image, category_id, condition_id) VALUES ('c0c96fa7-853e-491d-a3c7-b87fa8d745cb', 'Safari Vest', 'Multi-pocket vest for outdoor adventures.', 50, 'https://pixabay.com/photos/fishing-vest-life-jacket-outdoors-1445631/', 'c07841f8-53d4-4ab7-b813-890125d2fed4', '5a324837-caf3-41b4-9a79-322533e69515');
INSERT INTO product (id, name, description, price, image, category_id, condition_id) VALUES ('fe2046a0-fbed-4a5f-859e-19d8645eb833', 'Miniature Dollhouse', 'Detailed miniature dollhouse with furnishings.', 80, 'https://pixabay.com/photos/dollhouse-miniature-mini-room-3330122/', '35835fdf-3942-47f5-970a-9abdb38f3430', '5a324837-caf3-41b4-9a79-322533e69515');
INSERT INTO product (id, name, description, price, image, category_id, condition_id) VALUES ('862bc8ef-d885-4670-8c32-2fa03776ce76', 'Broadway Show "Eclipse"', 'Tickets to the hit Broadway show "Eclipse."', 100, 'https://pixabay.com/photos/theater-cinema-audience-performance-602986/', '773a2740-c050-41e6-b2b9-ed67eb2bbe51', '191e8bea-7419-4b91-b31c-96a948e3d0a7');
INSERT INTO product (id, name, description, price, image, category_id, condition_id) VALUES ('d2dee13a-545a-496b-9b3d-059734802595', 'Compact Solar Charger', 'Portable solar charger for phones and tablets.', 35, 'https://pixabay.com/photos/solar-panel-array-power-sun-electricity-1591357/', '6ee962cb-04ad-42dc-a923-22b60d743c27', '5a324837-caf3-41b4-9a79-322533e69515');
INSERT INTO product (id, name, description, price, image, category_id, condition_id) VALUES ('5d56e539-adff-4f20-aaed-0621213279ea', 'Zen Water Fountain', 'Indoor water fountain for relaxation and ambiance.', 75, 'https://pixabay.com/photos/fountain-water-flow-splashing-3523539/', '66fef740-b6e5-4474-8f2b-a03d0bb0ac13', '191e8bea-7419-4b91-b31c-96a948e3d0a7');
INSERT INTO product (id, name, description, price, image, category_id, condition_id) VALUES ('37319b92-f308-477d-adf4-bd5380cccefe', 'Fitness Leggings', 'High-performance leggings for gym and yoga.', 25, 'https://pixabay.com/photos/yoga-outdoor-woman-pose-young-2176668/', 'c07841f8-53d4-4ab7-b813-890125d2fed4', '191e8bea-7419-4b91-b31c-96a948e3d0a7');
INSERT INTO product (id, name, description, price, image, category_id, condition_id) VALUES ('06ce661d-078f-401e-9777-cfdf90767f23', 'Space Rocket Playset', 'Space-themed playset with rocket and astronauts.', 40, 'https://pixabay.com/photos/rocket-toy-childhood-play-toy-1209695/', '35835fdf-3942-47f5-970a-9abdb38f3430', '5a324837-caf3-41b4-9a79-322533e69515');
INSERT INTO product (id, name, description, price, image, category_id, condition_id) VALUES ('4cbbbe1d-5397-4b50-9433-7ae7b50dfd3f', 'Art Workshop Entry', 'Ticket for a hands-on art and creativity workshop.', 60, 'https://pixabay.com/photos/paint-arts-artist-creative-316598/', '773a2740-c050-41e6-b2b9-ed67eb2bbe51', '5a324837-caf3-41b4-9a79-322533e69515');
INSERT INTO product (id, name, description, price, image, category_id, condition_id) VALUES ('d98bb63f-12f6-4046-aa91-1d7ff83cecf5', 'Smart Weather Station', 'Wireless weather station with smartphone integration.', 75, 'https://pixabay.com/photos/weather-station-meteorology-158784/', '6ee962cb-04ad-42dc-a923-22b60d743c27', '5a324837-caf3-41b4-9a79-322533e69515');
INSERT INTO product (id, name, description, price, image, category_id, condition_id) VALUES ('f0e9f2ef-dc63-412b-9c1f-7f01b5331361', 'Compact Corner Desk', 'Space-saving corner desk for small home offices.', 100, 'https://pixabay.com/photos/office-desk-smartphone-desk-workspace-336373/', '66fef740-b6e5-4474-8f2b-a03d0bb0ac13', '191e8bea-7419-4b91-b31c-96a948e3d0a7');
INSERT INTO product (id, name, description, price, image, category_id, condition_id) VALUES ('e4c6257b-dfd8-404e-b901-4b9d87dfe67d', 'Thermal Windbreaker', 'Lightweight, thermal-lined windbreaker for outdoor use.', 65, 'https://pixabay.com/photos/jacket-clothing-fashion-man-2580422/', 'c07841f8-53d4-4ab7-b813-890125d2fed4', '5a324837-caf3-41b4-9a79-322533e69515');
INSERT INTO product (id, name, description, price, image, category_id, condition_id) VALUES ('9a5a743b-a5c7-4b26-a4db-54a72fc40422', 'Magnetic Building Blocks', 'Set of colorful magnetic building blocks for kids.', 30, 'https://pixabay.com/photos/magnet-colors-toys-game-blocks-1556797/', '35835fdf-3942-47f5-970a-9abdb38f3430', '5a324837-caf3-41b4-9a79-322533e69515');
INSERT INTO product (id, name, description, price, image, category_id, condition_id) VALUES ('00a5e8bf-613a-4fd5-8116-c36f18f28fd5', 'Aquarium Day Pass', 'Day pass for family fun at the city aquarium.', 40, 'https://pixabay.com/photos/jellyfish-aquarium-underwater-4783730/', '773a2740-c050-41e6-b2b9-ed67eb2bbe51', '5a324837-caf3-41b4-9a79-322533e69515');
INSERT INTO product (id, name, description, price, image, category_id, condition_id) VALUES ('9be19728-9c9d-470c-bf2c-d855bda62151', 'Wireless Charging Pad', 'Sleek and fast wireless charging pad for smartphones.', 25, 'https://pixabay.com/photos/charger-mobile-phone-charging-1834229/', '6ee962cb-04ad-42dc-a923-22b60d743c27', '191e8bea-7419-4b91-b31c-96a948e3d0a7');
INSERT INTO product (id, name, description, price, image, category_id, condition_id) VALUES ('6b96e6bd-4ba0-4b8f-9698-9fda46af6c89', 'Vintage Nightstand', 'Classic wooden nightstand with a vintage look.', 80, 'https://pixabay.com/photos/bedroom-bed-side-table-flower-2297200/', '66fef740-b6e5-4474-8f2b-a03d0bb0ac13', '5a324837-caf3-41b4-9a79-322533e69515');
INSERT INTO product (id, name, description, price, image, category_id, condition_id) VALUES ('85a5bc5f-0b11-4d77-92a4-98bf1bc0d854', 'Eco Yoga Mat', 'Eco-friendly, non-slip yoga mat in various colors.', 35, 'https://pixabay.com/photos/yoga-exercise-fitness-woman-health-3053488/', 'c07841f8-53d4-4ab7-b813-890125d2fed4', '5a324837-caf3-41b4-9a79-322533e69515');
INSERT INTO product (id, name, description, price, image, category_id, condition_id) VALUES ('53baa137-dd9d-4a58-af1c-94e148122a20', 'Talking Parrot Plush', 'Interactive plush parrot that mimics speech.', 20, 'https://pixabay.com/photos/parrot-bird-animals-feather-710141/', '35835fdf-3942-47f5-970a-9abdb38f3430', '5a324837-caf3-41b4-9a79-322533e69515');
INSERT INTO product (id, name, description, price, image, category_id, condition_id) VALUES ('17a653fc-9027-4b7a-8c7c-6b8a960dcce4', 'Pocket Power Solar Charger', 'Compact solar charger for on-the-go device charging.', 30, 'https://pixabay.com/photos/solar-panel-array-power-sun-electricity-1591357/', '6ee962cb-04ad-42dc-a923-22b60d743c27', '191e8bea-7419-4b91-b31c-96a948e3d0a7');
INSERT INTO product (id, name, description, price, image, category_id, condition_id) VALUES ('b1fc46fb-c557-4071-9399-ec42bdf22476', 'Rustic Bookcase', 'Wooden bookcase with a rustic finish.', 120, 'https://pixabay.com/photos/bookcase-books-data-library-1840467/', '66fef740-b6e5-4474-8f2b-a03d0bb0ac13', '191e8bea-7419-4b91-b31c-96a948e3d0a7');
INSERT INTO product (id, name, description, price, image, category_id, condition_id) VALUES ('53c62cdb-5e8d-4059-83e8-4a7d41091729', 'Running Compression Shorts', 'High-performance compression shorts for running.', 25, 'https://pixabay.com/photos/shorts-legs-sexy-beautiful-518261/', 'c07841f8-53d4-4ab7-b813-890125d2fed4', '191e8bea-7419-4b91-b31c-96a948e3d0a7');
INSERT INTO product (id, name, description, price, image, category_id, condition_id) VALUES ('59d76498-1137-4314-a8a2-9637d123ab0b', 'Electric Train Set', 'Model electric train set with tracks.', 50, 'https://pixabay.com/photos/model-train-train-model-miniature-2589937/', '35835fdf-3942-47f5-970a-9abdb38f3430', '191e8bea-7419-4b91-b31c-96a948e3d0a7');
INSERT INTO product (id, name, description, price, image, category_id, condition_id) VALUES ('8affebb4-fcae-45c0-a719-a6583d8c49d7', 'Hot Air Balloon Ride', 'Ticket for a scenic hot air balloon ride.', 150, 'https://pixabay.com/photos/balloon-hot-air-balloon-ride-1209842/', '773a2740-c050-41e6-b2b9-ed67eb2bbe51', '191e8bea-7419-4b91-b31c-96a948e3d0a7');
INSERT INTO product (id, name, description, price, image, category_id, condition_id) VALUES ('1e33bba3-cb05-4c66-9f76-572a2eaad15a', 'Retro Gaming Console', 'Vintage-style gaming console with preloaded games.', 60, 'https://pixabay.com/photos/game-remote-gamer-video-2294201/', '6ee962cb-04ad-42dc-a923-22b60d743c27', '5a324837-caf3-41b4-9a79-322533e69515');
INSERT INTO product (id, name, description, price, image, category_id, condition_id) VALUES ('0813598a-d7d5-43c5-a66d-8ef9c94d5b7a', 'Adjustable Standing Desk', 'Ergonomic standing desk with height adjustment.', 200, 'https://pixabay.com/photos/stand-up-desk-workspace-office-791464/', '66fef740-b6e5-4474-8f2b-a03d0bb0ac13', '5a324837-caf3-41b4-9a79-322533e69515');
INSERT INTO product (id, name, description, price, image, category_id, condition_id) VALUES ('d52edb72-8c5e-4d2e-b432-b15f9e1cc1b3', 'Waterproof Cycling Jacket', 'Lightweight, waterproof jacket for cycling.', 70, 'https://pixabay.com/photos/rain-jacket-outdoor-rainproof-4987360/', 'c07841f8-53d4-4ab7-b813-890125d2fed4', '5a324837-caf3-41b4-9a79-322533e69515');
INSERT INTO product (id, name, description, price, image, category_id, condition_id) VALUES ('c2a71586-55ca-4148-abd4-916925d07a0b', 'Dinosaur Fossil Dig Kit', 'Excavation kit for digging up dinosaur fossils.', 20, 'https://pixabay.com/photos/dinosaur-archaeology-fossil-archeology-3670355/', '35835fdf-3942-47f5-970a-9abdb38f3430', '5a324837-caf3-41b4-9a79-322533e69515');
INSERT INTO product (id, name, description, price, image, category_id, condition_id) VALUES ('4c5703d1-b683-40ab-afea-ac763bb845f3', 'Luxury Spa Day Pass', 'Day pass for a luxury spa experience.', 90, 'https://pixabay.com/photos/wellness-massage-relax-relaxing-285587/', '773a2740-c050-41e6-b2b9-ed67eb2bbe51', '191e8bea-7419-4b91-b31c-96a948e3d0a7');
INSERT INTO product (id, name, description, price, image, category_id, condition_id) VALUES ('730168ce-e04b-4c29-8c0d-a080a4b773d6', 'Smart Home Security Camera', 'Wi-Fi-enabled home security camera with app control.', 80, 'https://pixabay.com/photos/camera-monitoring-security-cam-1584716/', '6ee962cb-04ad-42dc-a923-22b60d743c27', '5a324837-caf3-41b4-9a79-322533e69515');
INSERT INTO product (id, name, description, price, image, category_id, condition_id) VALUES ('fcb73a5e-a42e-4615-8c2e-3dfe4ac67427', 'Bamboo Bath Caddy', 'Expandable bamboo caddy for bathtime convenience.', 35, 'https://pixabay.com/photos/bath-tub-bamboo-bathroom-bath-2533336/', '66fef740-b6e5-4474-8f2b-a03d0bb0ac13', '5a324837-caf3-41b4-9a79-322533e69515');
INSERT INTO product (id, name, description, price, image, category_id, condition_id) VALUES ('7e382d2c-b6ae-4709-aaa8-c4ae20ee034c', 'Leather Messenger Bag', 'Stylish leather messenger bag for everyday use.', 90, 'https://pixabay.com/photos/briefcase-leather-bag-leather-case-1850912/', 'c07841f8-53d4-4ab7-b813-890125d2fed4', '191e8bea-7419-4b91-b31c-96a948e3d0a7');
INSERT INTO product (id, name, description, price, image, category_id, condition_id) VALUES ('5c48ae13-8224-497c-9d8c-54e6150c2595', 'Interactive Globe', 'Educational globe with interactive features for kids.', 45, 'https://pixabay.com/photos/globe-world-map-earth-geography-110775/', '35835fdf-3942-47f5-970a-9abdb38f3430', '5a324837-caf3-41b4-9a79-322533e69515');
INSERT INTO product (id, name, description, price, image, category_id, condition_id) VALUES ('37a5d231-3503-4119-a424-3405034b44ab', 'Guided Mountain Hiking Tour', 'Guided hiking tour in the scenic mountain range.', 65, 'https://pixabay.com/photos/mountain-climbing-mountain-climber-455338/', '773a2740-c050-41e6-b2b9-ed67eb2bbe51', '5a324837-caf3-41b4-9a79-322533e69515');
INSERT INTO product (id, name, description, price, image, category_id, condition_id) VALUES ('b36d2421-7440-4df4-93c1-df34436367e1', 'Bluetooth Vinyl Record Player', 'Vintage-style record player with Bluetooth capability.', 100, 'https://pixabay.com/photos/turntable-vinyl-retro-vintage-music-1337986/', '6ee962cb-04ad-42dc-a923-22b60d743c27', '5a324837-caf3-41b4-9a79-322533e69515');
INSERT INTO product (id, name, description, price, image, category_id, condition_id) VALUES ('24e28c19-94fe-43a6-95c6-2cb52bedd808', 'Minimalist Wall Clock', 'Sleek and modern wall clock with a minimalist design.', 40, 'https://pixabay.com/photos/clock-wall-clock-watch-time-old-1274699/', '66fef740-b6e5-4474-8f2b-a03d0bb0ac13', '191e8bea-7419-4b91-b31c-96a948e3d0a7');

INSERT INTO item (id, name, description, price, image, category_id, condition_id) VALUES ('8347c12a-7f46-43ec-9e9c-644deed44511', 'SonicBoom Speaker', 'Portable Bluetooth speaker with high-quality sound.', 45.00, 'https://serpapi.com/searches/65828e433944b0da9e632e35/images/1002c70c32fd422c15c473eb5485f2a7a17a808476743b84cbf7f56ce63dd56c.jpeg', '6ee962cb-04ad-42dc-a923-22b60d743c27', '191e8bea-7419-4b91-b31c-96a948e3d0a7');
INSERT INTO item (id, name, description, price, image, category_id, condition_id) VALUES ('a5a85f85-373e-4ce6-964a-2e0455871190', 'ComfyStudy Chair', 'Ergonomic office chair with lumbar support.', 120.00, 'https://pixabay.com/photos/office-sitting-room-executive-sitting-730681/', '66fef740-b6e5-4474-8f2b-a03d0bb0ac13', '5a324837-caf3-41b4-9a79-322533e69515');
INSERT INTO item (id, name, description, price, image, category_id, condition_id) VALUES ('89038a48-7466-4678-a238-c8dd2e124bdb', 'Trailblazer Jacket', 'Waterproof and windproof outdoor jacket.', 60.00, 'https://serpapi.com/searches/65828e93f55d770fe00fa52f/images/23b576990afd3345d98777d8e9b092d5fc2463c5ab2a417c628a66e80ba27b46.jpeg', 'c07841f8-53d4-4ab7-b813-890125d2fed4', '191e8bea-7419-4b91-b31c-96a948e3d0a7');
INSERT INTO item (id, name, description, price, image, category_id, condition_id) VALUES ('5a385308-9c07-430d-9ceb-7bee5204a4b8', 'PuzzleMaster 500', '500-piece jigsaw puzzle with vibrant artwork.', 20.00, 'https://serpapi.com/searches/65828ddf2e7d6bfa8381ffdd/images/b0a00a3b4db942a490c5070122049da2ece846ec077f2cc318cb8d8410493864.jpeg', '35835fdf-3942-47f5-970a-9abdb38f3430', '191e8bea-7419-4b91-b31c-96a948e3d0a7');
INSERT INTO item (id, name, description, price, image, category_id, condition_id) VALUES ('d9ac76a2-237d-47fd-8917-a54a1d11c068', 'ConcertPass Deluxe', 'Ticket to the Summer Music Fest, VIP Access.', 150.00, 'https://serpapi.com/searches/65828b333944b0da9e632db4/images/25fb8d99c7f677bf1b8c93b1cdbdde457c92c005f33fa38c98c9818aab5d5110.jpeg', '773a2740-c050-41e6-b2b9-ed67eb2bbe51', '191e8bea-7419-4b91-b31c-96a948e3d0a7');
INSERT INTO item (id, name, description, price, image, category_id, condition_id) VALUES ('441c2026-e516-49d4-af2d-54cd2449e97d', 'Galaxy Earbuds', 'Wireless earbuds with noise cancellation.', 80.00, 'https://serpapi.com/searches/65828d1fe93ff40bdead6def/images/6399182106e574e8f055331321386254ce4416a421307d71af284677cefa434b.jpeg', '6ee962cb-04ad-42dc-a923-22b60d743c27', '5a324837-caf3-41b4-9a79-322533e69515');
INSERT INTO item (id, name, description, price, image, category_id, condition_id) VALUES ('8adf71ca-b753-4618-999d-6e95869c5f83', 'ZenBookshelf', 'Minimalist wooden bookshelf.', 150.00, 'https://pixabay.com/photos/bookshelf-furniture-design-wooden-3532950/', '66fef740-b6e5-4474-8f2b-a03d0bb0ac13', '5a324837-caf3-41b4-9a79-322533e69515');
INSERT INTO item (id, name, description, price, image, category_id, condition_id) VALUES ('e265a1b7-4921-40f5-8d13-23b01b403784', 'Vintage Denim', 'Classic vintage style denim jeans.', 50.00, 'https://serpapi.com/searches/65828ebe4b91eb96e675a061/images/6b1671924384d25726949244c4762ef5304a2eed30e80cc93719db4bc2d2f2ae.jpeg', 'c07841f8-53d4-4ab7-b813-890125d2fed4', '191e8bea-7419-4b91-b31c-96a948e3d0a7');
INSERT INTO item (id, name, description, price, image, category_id, condition_id) VALUES ('e63c302d-397f-49c4-ae43-fba3268ff3e8', 'RoboDino', 'Interactive robotic dinosaur toy.', 30.00, 'https://serpapi.com/searches/65828dfe7d171a86e974010b/images/5c4d1c9d738e982dc2d67310230ae15dfea8082da31205d35d423b7a1befa35a.jpeg', '35835fdf-3942-47f5-970a-9abdb38f3430', '5a324837-caf3-41b4-9a79-322533e69515');
INSERT INTO item (id, name, description, price, image, category_id, condition_id) VALUES ('d83febd4-3885-4032-8fc3-874264d6cfcf', 'ArtGallery Pass', 'One-day pass to the Grand Art Gallery.', 25.00, 'https://pixabay.com/photos/ticket-admission-admit-entrance-1092173/', '773a2740-c050-41e6-b2b9-ed67eb2bbe51', '5a324837-caf3-41b4-9a79-322533e69515');
INSERT INTO item (id, name, description, price, image, category_id, condition_id) VALUES ('38ed529b-c454-4f4f-b59e-68017a192329', 'ProCam X100', 'Professional digital camera with 4K support.', 500.00, 'https://serpapi.com/searches/65828ddcf55d770fe00fa512/images/32c65d24e619286bf39d6be811b0d146781641e212d64a1a5151e195e78dc6b7.jpeg', '6ee962cb-04ad-42dc-a923-22b60d743c27', '191e8bea-7419-4b91-b31c-96a948e3d0a7');
INSERT INTO item (id, name, description, price, image, category_id, condition_id) VALUES ('80fb114d-3ff5-4398-b221-b723577fd3ed', 'DreamyNight Bed', 'Queen size bed with memory foam mattress.', 400.00, 'https://serpapi.com/searches/65828ba03517646eb0c64897/images/f436877a7d9a85d7a34380c8e290236dbf9c1bb95dcc359e342c6363105ff147.jpeg', '66fef740-b6e5-4474-8f2b-a03d0bb0ac13', '191e8bea-7419-4b91-b31c-96a948e3d0a7');
INSERT INTO item (id, name, description, price, image, category_id, condition_id) VALUES ('1e330b7e-a431-4dae-87dd-8d1781387b9f', 'SunHat Elegance', 'Wide-brimmed sun hat for summer days.', 25.00, 'https://serpapi.com/searches/65828e6cf05eb897223226ef/images/d4427e5b38a5661442765e5349e36748a3234202a1514243c9b11327a8b1f1d5.jpeg', 'c07841f8-53d4-4ab7-b813-890125d2fed4', '5a324837-caf3-41b4-9a79-322533e69515');
INSERT INTO item (id, name, description, price, image, category_id, condition_id) VALUES ('a84f03a5-6076-4be2-930f-0501731ece52', 'SpeedRacer Car', 'Remote-controlled race car.', 35.00, 'https://serpapi.com/searches/65828e53d5a5319d435c334b/images/6c1c60b5df8f37932950c9c71f9f436a5fbc0d83a0ab4571ee8efaa2f1c2912e.jpeg', '35835fdf-3942-47f5-970a-9abdb38f3430', '5a324837-caf3-41b4-9a79-322533e69515');
INSERT INTO item (id, name, description, price, image, category_id, condition_id) VALUES ('c7a722be-a7bc-4d8e-917d-2fc8bf3e06bf', 'SciFi Convention Entry', 'Ticket to the annual Sci-Fi & Fantasy Convention.', 40.00, 'https://serpapi.com/searches/65828e138cd878076ae46f5a/images/7a18572f89605361da55ae959455c331b558838eb0143e069f8bce676a5c34e7.jpeg', '773a2740-c050-41e6-b2b9-ed67eb2bbe51', '5a324837-caf3-41b4-9a79-322533e69515');
INSERT INTO item (id, name, description, price, image, category_id, condition_id) VALUES ('703d8490-16c6-4652-8ed3-519c0c183795', 'QuickCharge Power Bank', 'High-capacity portable charger.', 30.00, 'https://serpapi.com/searches/65828de4a1b42378f13ee3ca/images/1b74a1262ac83a2e306456ae65f98d320940f1411886724456564a710b776cdf.jpeg', '6ee962cb-04ad-42dc-a923-22b60d743c27', '191e8bea-7419-4b91-b31c-96a948e3d0a7');
INSERT INTO item (id, name, description, price, image, category_id, condition_id) VALUES ('ee1ce678-7214-422f-aa2a-a77e9a363187', 'CozyBeanBag', 'Extra large bean bag chair.', 60.00, 'https://serpapi.com/searches/65828b37ad7fa9da2004f0b8/images/02106e749ed857fbb3b2be330d5ba6e57f1a8d555d63c4ecf216b33a2aa25ac2.jpeg', '66fef740-b6e5-4474-8f2b-a03d0bb0ac13', '5a324837-caf3-41b4-9a79-322533e69515');
INSERT INTO item (id, name, description, price, image, category_id, condition_id) VALUES ('348244e8-57c5-4ba0-8a59-c41a1d67d21d', 'Fitness Tracker Band', 'Wearable fitness tracker with heart rate monitor.', 45.00, 'https://serpapi.com/searches/65828d14f55d770f48514652/images/f480f34306bf7822352ab186a4dc47a34d5f465e6082fa565cc735c40eae1746.jpeg', 'c07841f8-53d4-4ab7-b813-890125d2fed4', '5a324837-caf3-41b4-9a79-322533e69515');
INSERT INTO item (id, name, description, price, image, category_id, condition_id) VALUES ('92febbaa-a0a6-4998-bb1a-eeeacfa2586d', 'MagicScience Kit', 'Science experiment kit for kids.', 20.00, 'https://serpapi.com/searches/65828d644055aad1246bd463/images/b0fc743b6acb64802c0a0095166e016cf7b292b85d4583cf14cf57c042ac6180.jpeg', '35835fdf-3942-47f5-970a-9abdb38f3430', '191e8bea-7419-4b91-b31c-96a948e3d0a7');
INSERT INTO item (id, name, description, price, image, category_id, condition_id) VALUES ('8432052b-88a8-42ee-ab29-49e25b42e73e', 'Museum Explorer Pass', 'Pass for exploring historical museums in the city.', 35.00, 'https://serpapi.com/searches/65828da334ff95c5be77a839/images/c2ab166e87875b5b1b32f20fa5b3afa89a2c0f38fbff0a983c44d926681dd3f7.jpeg', '773a2740-c050-41e6-b2b9-ed67eb2bbe51', '5a324837-caf3-41b4-9a79-322533e69515');
INSERT INTO item (id, name, description, price, image, category_id, condition_id) VALUES ('dbb959b5-7fce-4a0d-8212-dee1148f18a9', 'Portable Bluetooth Speaker', 'Compact speaker with impressive sound quality.', 50.00, 'https://serpapi.com/searches/65828dd637b24adeb6fbe1b1/images/f27b43c8573f57c6fbba7e4083d1cba7027fdfdb3765862a59845fd29f959d34.jpeg', '6ee962cb-04ad-42dc-a923-22b60d743c27', '5a324837-caf3-41b4-9a79-322533e69515');
INSERT INTO item (id, name, description, price, image, category_id, condition_id) VALUES ('4e987bef-82f0-4f4e-beef-56894606a4f4', 'Elegant Study Lamp', 'LED study lamp with adjustable brightness.', 45.00, 'https://serpapi.com/searches/65828d0aaf630446692c1f9d/images/fa0f30e791ce2b473b3b9dcb6bf6d6ed88d849f42f70488eb6ebed46ee28e337.png', '66fef740-b6e5-4474-8f2b-a03d0bb0ac13', '191e8bea-7419-4b91-b31c-96a948e3d0a7');
INSERT INTO item (id, name, description, price, image, category_id, condition_id) VALUES ('07a583e5-a1e2-4789-87fc-57b986a48d04', 'RainRunner Jacket', 'Lightweight waterproof jacket perfect for runners.', 70.00, 'https://serpapi.com/searches/65828deaeb31ebce2d46cd53/images/675061b0bedd65b68119c1b7f6238a21ce1657f6a5203a8bc53019997b7ab865.jpeg', 'c07841f8-53d4-4ab7-b813-890125d2fed4', '191e8bea-7419-4b91-b31c-96a948e3d0a7');
INSERT INTO item (id, name, description, price, image, category_id, condition_id) VALUES ('01a80e43-6f04-4539-a2ea-eacc6ff186ee', 'Castle Building Blocks', 'Wooden blocks for building castles and forts.', 25.00, 'https://pixabay.com/photos/game-blocks-tower-play-wood-5596231/', '35835fdf-3942-47f5-970a-9abdb38f3430', '191e8bea-7419-4b91-b31c-96a948e3d0a7');
INSERT INTO item (id, name, description, price, image, category_id, condition_id) VALUES ('e0c461b5-6e9f-4ce7-a651-8c83f6fb7abe', 'National Park Pass', 'Annual pass to national parks and natural reserves.', 60.00, 'https://serpapi.com/searches/65828dac94fb03107fb0db38/images/487a25d8b63d985b99d0ff2b63c73e27c199c320d6397ea391200bdc5fcf3503.jpeg', '773a2740-c050-41e6-b2b9-ed67eb2bbe51', '5a324837-caf3-41b4-9a79-322533e69515');
INSERT INTO item (id, name, description, price, image, category_id, condition_id) VALUES ('e79937bf-684e-4709-a27c-b48aa1da1d2b', 'Sunrise Alarm Clock', 'Alarm clock that simulates sunrise for gentle waking.', 40.00, 'https://serpapi.com/searches/65828e72f55d770f4851468a/images/e0d54920b8545992a249f9958f229a73cf01e77da97586734679de30afab4e5e.jpeg', '6ee962cb-04ad-42dc-a923-22b60d743c27', '191e8bea-7419-4b91-b31c-96a948e3d0a7');
INSERT INTO item (id, name, description, price, image, category_id, condition_id) VALUES ('917e9401-5604-4ccc-8eb8-e925f924dcbf', 'SpaceSaver Desk', 'Compact desk ideal for small spaces.', 120.00, 'https://serpapi.com/searches/65828e4d033e94a68bb60283/images/2a1c2f4aa62efa15bb523105b7fb075d925faa1e6252fa1af7f01f26f96e3b3c.jpeg', '66fef740-b6e5-4474-8f2b-a03d0bb0ac13', '191e8bea-7419-4b91-b31c-96a948e3d0a7');
INSERT INTO item (id, name, description, price, image, category_id, condition_id) VALUES ('8ce9cd61-3fa6-4e51-9bbd-435de3e8aed6', 'EcoFriendly Tote Bag', 'Reusable and eco-friendly shopping tote bag.', 15.00, 'https://serpapi.com/searches/65828cf8a4bb3822eb854387/images/c72973a18170a95a0b012d9a78c49f43fef0432d83264ddc359ef35db3c49e27.jpeg', 'c07841f8-53d4-4ab7-b813-890125d2fed4', '191e8bea-7419-4b91-b31c-96a948e3d0a7');
INSERT INTO item (id, name, description, price, image, category_id, condition_id) VALUES ('342f6170-2678-475d-8558-ed30dcc35164', 'Superhero Action Figures', 'Set of 4 superhero action figures.', 40.00, 'https://serpapi.com/searches/65828e77681ebe29cbe0e2a8/images/ea5dcf5b98f8b5d02a32c0beaaff757b77d6eb9d0f9b2dcae253139ddcac1a3b.jpeg', '35835fdf-3942-47f5-970a-9abdb38f3430', '191e8bea-7419-4b91-b31c-96a948e3d0a7');
INSERT INTO item (id, name, description, price, image, category_id, condition_id) VALUES ('000a5e1b-04a3-4bb0-89d9-8d32039429c9', 'Live Jazz Night', 'Entry ticket to an exclusive live jazz evening.', 50.00, 'https://serpapi.com/searches/65828d5494fb03107fb0db2b/images/156123883fb38bd0e00c8a56b73dffbbae69249cb26c2120fe2231d561a46dc8.jpeg', '773a2740-c050-41e6-b2b9-ed67eb2bbe51', '191e8bea-7419-4b91-b31c-96a948e3d0a7');
INSERT INTO item (id, name, description, price, image, category_id, condition_id) VALUES ('09474c72-0573-44de-900b-484692c64245', 'StreamMic Pro', 'Studio-quality USB microphone for streaming.', 120.00, 'https://serpapi.com/searches/65828e5cfe41d0c40118d51a/images/765f6afea8f448575dc0b10f8ae8dcadb18ab437c49662c04fa13bae226a39e9.jpeg', '6ee962cb-04ad-42dc-a923-22b60d743c27', '191e8bea-7419-4b91-b31c-96a948e3d0a7');
INSERT INTO item (id, name, description, price, image, category_id, condition_id) VALUES ('8862158c-4cb7-4d20-a051-09f867200ade', 'Orbit Swivel Chair', 'Modern swivel chair with ergonomic design.', 180.00, 'https://serpapi.com/searches/65828dca2c08445da9f9b7e5/images/060396c54bd3812bd1419b5beede7e7cb1a945f83970f2feea3cb41ac67032b2.jpeg', '66fef740-b6e5-4474-8f2b-a03d0bb0ac13', '5a324837-caf3-41b4-9a79-322533e69515');
INSERT INTO item (id, name, description, price, image, category_id, condition_id) VALUES ('a661bbb4-bbf0-4925-92f3-5b34a8f8cb7b', 'Winter Bliss Scarf', 'Soft, knitted winter scarf in various colors.', 30.00, 'https://serpapi.com/searches/65828ed629d1775ea0c1d6f4/images/825e6957fe421f03fca5bf07b2824d38680b103d4038eb0cd60c6a141d158b12.jpeg', 'c07841f8-53d4-4ab7-b813-890125d2fed4', '5a324837-caf3-41b4-9a79-322533e69515');
INSERT INTO item (id, name, description, price, image, category_id, condition_id) VALUES ('37de6ca0-6138-40a5-af9b-272135b141cc', 'Dragon Plush Toy', 'Cuddly dragon plush toy for children.', 25.00, 'https://serpapi.com/searches/65828b99e0ded4a3178f3877/images/d5e11b1a0c158024463248ff9f9d06e79c10104d658388a432d30ec1b93f9fa4.jpeg', '35835fdf-3942-47f5-970a-9abdb38f3430', '5a324837-caf3-41b4-9a79-322533e69515');
INSERT INTO item (id, name, description, price, image, category_id, condition_id) VALUES ('6d346a7e-9b60-4ac6-9a47-f03a3f2dba99', 'Opera Night Extravaganza', 'Premium tickets to the Carmen opera night.', 90.00, 'https://serpapi.com/searches/65828dc75c5606d53abdfb14/images/6872ee57d0c3a0ecbbe21fbe8824beede26cab3e63967125aa990109c6895634.jpeg', '773a2740-c050-41e6-b2b9-ed67eb2bbe51', '5a324837-caf3-41b4-9a79-322533e69515');
INSERT INTO item (id, name, description, price, image, category_id, condition_id) VALUES ('43556be7-2dea-41dd-bfcf-c584502e57ed', 'VR Headset Adventure', 'Immersive virtual reality headset for gaming.', 200.00, 'https://serpapi.com/searches/65828ead2d5b12edb68d8aa7/images/2fa454a7084f5ea7fbf78595b4eef8584a51d3c042e81bc30534d5d451f4f1aa.jpeg', '6ee962cb-04ad-42dc-a923-22b60d743c27', '191e8bea-7419-4b91-b31c-96a948e3d0a7');
INSERT INTO item (id, name, description, price, image, category_id, condition_id) VALUES ('c96705b4-3dcc-42ca-b25d-6046ebf944ed', 'Luminous Bedside Lamp', 'Contemporary bedside lamp with adjustable brightness.', 50.00, 'https://serpapi.com/searches/65828d5a2fe30205ce270190/images/0f36c5b99e5f996bbd8ada887bfa7856c18254eab1fe493952111e6c141c55bc.jpeg', '66fef740-b6e5-4474-8f2b-a03d0bb0ac13', '191e8bea-7419-4b91-b31c-96a948e3d0a7');
INSERT INTO item (id, name, description, price, image, category_id, condition_id) VALUES ('99128ea0-e0cd-453d-826f-ddfd69a5efb1', 'Trail Explorer Boots', 'Durable hiking boots suitable for all terrains.', 100.00, 'https://serpapi.com/searches/65828e8d47ccf1d220c79395/images/6855bb9a465fe683449c9789e63ca83232e97b5d8b1bf15cdf2a9f9d4c66424f.jpeg', 'c07841f8-53d4-4ab7-b813-890125d2fed4', '5a324837-caf3-41b4-9a79-322533e69515');
INSERT INTO item (id, name, description, price, image, category_id, condition_id) VALUES ('00c952e7-4295-4304-893e-c30e2058cd8d', 'Galaxy Puzzle 1000', '1000-piece jigsaw puzzle of the galaxy.', 35.00, 'https://serpapi.com/searches/65828d24c504e94266c401e5/images/1220bbd0e482a3fd60bdb6949f85db2a0ee190abe2a02bcd7fc2e699139857eb.jpeg', '35835fdf-3942-47f5-970a-9abdb38f3430', '5a324837-caf3-41b4-9a79-322533e69515');
INSERT INTO item (id, name, description, price, image, category_id, condition_id) VALUES ('8da08909-790c-4324-96f2-f7829695b761', 'Tech Conference 2023', 'Access pass to the International Tech Conference 2023.', 250.00, 'https://serpapi.com/searches/65828e8137014cfa6faea294/images/efc864503a114962651b89d5f6800e89d745c7de32d116a1b8b6567a43764686.jpeg', '773a2740-c050-41e6-b2b9-ed67eb2bbe51', '191e8bea-7419-4b91-b31c-96a948e3d0a7');
INSERT INTO item (id, name, description, price, image, category_id, condition_id) VALUES ('c4727bac-7bb1-40fa-8c51-b48ed0609b3e', 'Echo Wireless Headphones', 'High-fidelity wireless headphones with ANC.', 85.00, 'https://serpapi.com/searches/65828ce69b6472746dd032d3/images/164ed461cba08af575229ad7e2cb12e533961d131ffe4a7bce6124d7df60eeff.jpeg', '6ee962cb-04ad-42dc-a923-22b60d743c27', '191e8bea-7419-4b91-b31c-96a948e3d0a7');
INSERT INTO item (id, name, description, price, image, category_id, condition_id) VALUES ('4c7f60d7-1c9b-4de8-ac30-595c3a3b26c4', 'Skyline Office Desk', 'Modern office desk with a minimalist design.', 200.00, 'https://serpapi.com/searches/65828e2eb7b1ccafabec41d1/images/706babb63f81cb71b013204b662c3bcaed44d1996d872d8827afffcfd0fd9252.jpeg', '66fef740-b6e5-4474-8f2b-a03d0bb0ac13', '5a324837-caf3-41b4-9a79-322533e69515');
INSERT INTO item (id, name, description, price, image, category_id, condition_id) VALUES ('aa6afe54-917b-4bd8-875f-ac7a256e3d94', 'Summit Hiking Backpack', 'Durable backpack for hiking and outdoor adventures.', 60.00, 'https://serpapi.com/searches/65828e670a90c773277a3cea/images/a3899b67542580dea2965d01a2810264be47ae859ed6db2ad3c3396a9a5c4343.jpeg', 'c07841f8-53d4-4ab7-b813-890125d2fed4', '5a324837-caf3-41b4-9a79-322533e69515');
INSERT INTO item (id, name, description, price, image, category_id, condition_id) VALUES ('43bcdc36-2ed6-4eb0-ac30-05ddeec30c5a', 'Aqua Magic Water Mat', 'Reusable water-drawing mat for kids.', 20.00, 'https://pixabay.com/photos/children-drawings-baby-paint-4557519/', '35835fdf-3942-47f5-970a-9abdb38f3430', '191e8bea-7419-4b91-b31c-96a948e3d0a7');
INSERT INTO item (id, name, description, price, image, category_id, condition_id) VALUES ('8860656c-95f7-476a-bfdf-03220afc0539', 'Gourmet Food Expo Pass', 'Entry pass to the international gourmet food expo.', 70.00, 'https://serpapi.com/searches/65828d29797ac67c3c45c268/images/84b9a0a8f1d56e4d3f084f8655c902dd10357455a32ec0af8e804f9eb0cd95df.jpeg', '773a2740-c050-41e6-b2b9-ed67eb2bbe51', '191e8bea-7419-4b91-b31c-96a948e3d0a7');
INSERT INTO item (id, name, description, price, image, category_id, condition_id) VALUES ('ac0c92ed-2714-4e92-bf15-f56d7669e5cd', 'Solar Power Bank', 'Portable solar-powered charger.', 40.00, 'https://serpapi.com/searches/65828e3e5b54ef2a43394bf1/images/33d6a101a2ddc569da8f0990c9e9beaf18a94e815c332e26be9cb9fec2f3c3df.jpeg', '6ee962cb-04ad-42dc-a923-22b60d743c27', '5a324837-caf3-41b4-9a79-322533e69515');
INSERT INTO item (id, name, description, price, image, category_id, condition_id) VALUES ('ca9a86c7-b9a7-4087-ae0e-e2bebc7a9318', 'Moonlight Floor Lamp', 'Elegant floor lamp with adjustable lighting.', 110.00, 'https://serpapi.com/searches/65828d9710d744d1a19aed76/images/2f7c4acc8e844ca56fce71e2d62204c74235ccc2a9f93824ee25f529b4eaa3cd.jpeg', '66fef740-b6e5-4474-8f2b-a03d0bb0ac13', '191e8bea-7419-4b91-b31c-96a948e3d0a7');
INSERT INTO item (id, name, description, price, image, category_id, condition_id) VALUES ('e429993a-4f1d-4cd5-bf0c-2d2b1c00e39f', 'Urban Leather Jacket', 'Stylish leather jacket for urban fashion.', 150.00, 'https://serpapi.com/searches/65828ea84b91eb9781c7729c/images/5e3e35a79f08ad56b1efa3e6729d7296180f4f5715b072f67796e36b99da695a.jpeg', 'c07841f8-53d4-4ab7-b813-890125d2fed4', '5a324837-caf3-41b4-9a79-322533e69515');
INSERT INTO item (id, name, description, price, image, category_id, condition_id) VALUES ('ea61584d-57dd-4130-9c40-3d4b05fbf512', 'Miniature Racing Set', 'Slot car racing set for kids and enthusiasts.', 45.00, 'https://serpapi.com/searches/65828d86d3aba228e4039e6f/images/76ecf95ae3a8d3b2c6244ac6bc0e5e4b3d74ea1d5d0d4ce807557139a254f077.jpeg', '35835fdf-3942-47f5-970a-9abdb38f3430', '5a324837-caf3-41b4-9a79-322533e69515');
INSERT INTO item (id, name, description, price, image, category_id, condition_id) VALUES ('f7200b9e-3a83-41b0-8354-5b153b1c0996', 'Jazz & Blues Night', 'Ticket to an exclusive jazz and blues music night.', 50.00, 'https://serpapi.com/searches/65828d4236e6a9fe122c5e87/images/25a305f932ead5f15bd23d8f1e629217999a0f70b279a93e4c15402b6471d1ab.jpeg', '773a2740-c050-41e6-b2b9-ed67eb2bbe51', '191e8bea-7419-4b91-b31c-96a948e3d0a7');
INSERT INTO item (id, name, description, price, image, category_id, condition_id) VALUES ('64940f0a-161d-4de6-b534-415de1f306b4', 'Compact Drone with Camera', 'Lightweight drone with HD camera for photography.', 120.00, 'https://pixabay.com/photos/drone-uav-quadrocopter-4472016/', '6ee962cb-04ad-42dc-a923-22b60d743c27', '191e8bea-7419-4b91-b31c-96a948e3d0a7');
INSERT INTO item (id, name, description, price, image, category_id, condition_id) VALUES ('1760c0b3-16a2-4ac3-b810-6f990508cc43', 'Bamboo Bookstand', 'Eco-friendly bookstand made from bamboo.', 35.00, 'https://pixabay.com/photos/book-book-gift-by-heart-1421097/', '66fef740-b6e5-4474-8f2b-a03d0bb0ac13', '191e8bea-7419-4b91-b31c-96a948e3d0a7');
INSERT INTO item (id, name, description, price, image, category_id, condition_id) VALUES ('4e608b4c-1bf8-4794-a100-51436f561f15', 'Active Yoga Mat', 'Non-slip yoga mat for fitness enthusiasts.', 25.00, 'https://pixabay.com/photos/yoga-outdoor-w', 'c07841f8-53d4-4ab7-b813-890125d2fed4', '191e8bea-7419-4b91-b31c-96a948e3d0a7');
INSERT INTO item (id, name, description, price, image, category_id, condition_id) VALUES ('75ab5a09-844d-4fef-9357-b6045166bd74', 'Mini Drone Explorer', 'Compact drone with HD camera and easy controls.', 90.00, 'https://serpapi.com/searches/65828d7995bf92adf5dfc7da/images/e4566c38e56f4dba6e0eb442e9866b5d62911bd973a929ca6d732672f7089cd2.jpeg', '6ee962cb-04ad-42dc-a923-22b60d743c27', '5a324837-caf3-41b4-9a79-322533e69515');
INSERT INTO item (id, name, description, price, image, category_id, condition_id) VALUES ('d7a521e1-5402-4ab8-a8ce-7134dc9bd146', 'Arctic Office Chair', 'Ergonomic office chair with breathable mesh.', 140.00, 'https://pixabay.com/photos/office-chair-furniture-seat-chair-4480848/', '66fef740-b6e5-4474-8f2b-a03d0bb0ac13', '5a324837-caf3-41b4-9a79-322533e69515');
INSERT INTO item (id, name, description, price, image, category_id, condition_id) VALUES ('eb1d3a34-76d4-470e-ae8a-bbea78a60ec4', 'Urban Backpack', 'Stylish, durable backpack for city commuters.', 70.00, 'https://serpapi.com/searches/65828e9bdefa1302a517e1b5/images/e100c095dcc8c7bdcc958cd801d1e615346e060666350a6682a73a53e3b240ba.jpeg', 'c07841f8-53d4-4ab7-b813-890125d2fed4', '5a324837-caf3-41b4-9a79-322533e69515');
INSERT INTO item (id, name, description, price, image, category_id, condition_id) VALUES ('dbf3643b-9391-4d3e-bee6-194bc846e76b', 'Electric Train Set', 'Realistic electric train set for kids and enthusiasts.', 55.00, 'https://serpapi.com/searches/65828d04654a8cdbb2531942/images/61eb74fccb3046af811d2241d98a963ea77b91dd9e6388ea720527ba44f26c41.jpeg', '35835fdf-3942-47f5-970a-9abdb38f3430', '5a324837-caf3-41b4-9a79-322533e69515');
INSERT INTO item (id, name, description, price, image, category_id, condition_id) VALUES ('ffda045a-44ed-459e-a45a-7cf5e2d741a1', 'Culinary Workshop Pass', 'Entry to a weekend culinary workshop.', 120.00, 'https://serpapi.com/searches/65828b3c9b6472746dd03296/images/805961d5f0394b3991d84c8a9247763d62fcf028293023963b77617f61f370a3.jpeg', '773a2740-c050-41e6-b2b9-ed67eb2bbe51', '191e8bea-7419-4b91-b31c-96a948e3d0a7');
INSERT INTO item (id, name, description, price, image, category_id, condition_id) VALUES ('92d7c868-11ae-4328-b62f-67937015ab6b', 'Waterproof Bluetooth Speaker', 'Portable, waterproof speaker for outdoor use.', 60.00, 'https://serpapi.com/searches/65828ec8b7b1ccb0422a9202/images/4e2af866c37316d96c3a701d5eec1aa9b33df396e0ed8f45ffdd24d100f2ef47.jpeg', '6ee962cb-04ad-42dc-a923-22b60d743c27', '5a324837-caf3-41b4-9a79-322533e69515');
INSERT INTO item (id, name, description, price, image, category_id, condition_id) VALUES ('47e42841-c7ad-4706-a34e-8a2ce5379967', 'Retro Nightstand', 'Vintage-style nightstand with oak finish.', 80.00, 'https://serpapi.com/searches/65828df59b6472746dd03310/images/b8e8ab3f6dfb06a2440d22de25e2fea3ab9f9cb58c4f78329acf168d6ececbc0.jpeg', '66fef740-b6e5-4474-8f2b-a03d0bb0ac13', '5a324837-caf3-41b4-9a79-322533e69515');
INSERT INTO item (id, name, description, price, image, category_id, condition_id) VALUES ('8328bb21-0585-4317-a53b-f51100cc25a6', 'Fitness Yoga Mat', 'Eco-friendly, non-slip yoga mat for fitness enthusiasts.', 35.00, 'https://serpapi.com/searches/65828d19aef264a62d37ede3/images/692288ab7579e2b5f1e002b2ba99dde7a7c2208b0ee8a2fbdd7bf215d5d39fdd.jpeg', 'c07841f8-53d4-4ab7-b813-890125d2fed4', '5a324837-caf3-41b4-9a79-322533e69515');
INSERT INTO item (id, name, description, price, image, category_id, condition_id) VALUES ('c615467f-7a11-4ef0-b872-ffa75830a011', 'Build-Your-Robot Kit', 'DIY robot building kit for children.', 45.00, 'https://pixabay.com/photos/robot-diy-kit-building-2383804/', '35835fdf-3942-47f5-970a-9abdb38f3430', '5a324837-caf3-41b4-9a79-322533e69515');
INSERT INTO item (id, name, description, price, image, category_id, condition_id) VALUES ('14f86655-2958-4243-a054-cd451956c98d', 'Aquarium Family Pass', 'Family pass for a day at the marine aquarium.', 75.00, 'https://pixabay.com/photos/fish-aquarium-tank-water-1282410/', '773a2740-c050-41e6-b2b9-ed67eb2bbe51', '5a324837-caf3-41b4-9a79-322533e69515');
INSERT INTO item (id, name, description, price, image, category_id, condition_id) VALUES ('d74332ac-aa59-412a-b318-e35470920d81', 'E-Book Reader Classic', 'Lightweight e-book reader with e-ink display.', 110.00, 'https://serpapi.com/searches/65828ce0cca0140b75fe0e02/images/89025693f2455b8ab29625bf4842ce5002015f46fc0c8806590089a25a60cef5.jpeg', '6ee962cb-04ad-42dc-a923-22b60d743c27', '5a324837-caf3-41b4-9a79-322533e69515');
INSERT INTO item (id, name, description, price, image, category_id, condition_id) VALUES ('ba6d0542-1b82-4017-8e96-de133f4eabf5', 'EchoSound Headphones', 'Over-ear noise-canceling headphones.', 85.00, 'https://serpapi.com/searches/65828cec654a8cdbb253193b/images/1111b28eea53bacb1495450543a1565e49939395a8e17d821d45afb5cb48b1e5.jpeg', '6ee962cb-04ad-42dc-a923-22b60d743c27', '191e8bea-7419-4b91-b31c-96a948e3d0a7');
INSERT INTO item (id, name, description, price, image, category_id, condition_id) VALUES ('09b071cc-1750-4ce7-866a-2c26289c9297', 'Oasis Hammock', 'Outdoor hammock with stand, perfect for relaxation.', 110.00, 'https://serpapi.com/searches/65828dbaedb034e3f612f116/images/de2d33706ec31d7785d0d9ff92e368b0ba9f6303c5fc056d4ba797c05ae15f01.jpeg', '66fef740-b6e5-4474-8f2b-a03d0bb0ac13', '191e8bea-7419-4b91-b31c-96a948e3d0a7');
INSERT INTO item (id, name, description, price, image, category_id, condition_id) VALUES ('f396658e-16d6-4ede-be6a-9e534564204f', 'EchoSound Headphones', 'Over-ear noise-canceling headphones.', 85.00, 'https://serpapi.com/searches/65828cec654a8cdbb253193b/images/1111b28eea53bacb1495450543a1565e49939395a8e17d821d45afb5cb48b1e5.jpeg', '6ee962cb-04ad-42dc-a923-22b60d743c27', '191e8bea-7419-4b91-b31c-96a948e3d0a7');
INSERT INTO item (id, name, description, price, image, category_id, condition_id) VALUES ('324568bd-ce50-4c9a-99a8-d962933d35d5', 'Oasis Hammock', 'Outdoor hammock with stand, perfect for relaxation.', 110.00, 'https://serpapi.com/searches/65828dbaedb034e3f612f116/images/de2d33706ec31d7785d0d9ff92e368b0ba9f6303c5fc056d4ba797c05ae15f01.jpeg', '66fef740-b6e5-4474-8f2b-a03d0bb0ac13', '191e8bea-7419-4b91-b31c-96a948e3d0a7');
INSERT INTO item (id, name, description, price, image, category_id, condition_id) VALUES ('2db4f8fb-4378-41d1-93cc-68cb871edcf4', 'Summit Hiking Backpack', '30L durable backpack for hiking and outdoor use.', 60.00, 'https://serpapi.com/searches/65828e61b5961ed0617cf3cb/images/dc0e35ed8c6a30ce73a954fdeeba983cfd03ef2dfa6cfeda37e8e6edff3b9664.jpeg', 'c07841f8-53d4-4ab7-b813-890125d2fed4', '5a324837-caf3-41b4-9a79-322533e69515');
INSERT INTO item (id, name, description, price, image, category_id, condition_id) VALUES ('037da3cd-738e-40a8-89fe-3b1c97837fe2', 'Ocean Explorer Submarine', 'Remote-controlled submarine toy for pool use.', 45.00, 'https://serpapi.com/searches/65828dc0a1b42378f13ee3c4/images/54fa0fb82466d58cf81ffd26cbfd069a764c9f0cc5f27ad89a231242680ad15b.jpeg', '35835fdf-3942-47f5-970a-9abdb38f3430', '5a324837-caf3-41b4-9a79-322533e69515');
INSERT INTO item (id, name, description, price, image, category_id, condition_id) VALUES ('7e15e7ce-569d-4f2c-8edb-4a5a04ed587e', 'Gourmet Food Expo Pass', 'Entry pass to the annual Gourmet Food Expo.', 50.00, 'https://serpapi.com/searches/65828d2bd5b1c5d4a93043b2/images/710b76268cdee32315f56439ff7b4f6b14c74f3ce47b70bc446cd5ff995c4a08.jpeg', '773a2740-c050-41e6-b2b9-ed67eb2bbe51', '5a324837-caf3-41b4-9a79-322533e69515');
INSERT INTO item (id, name, description, price, image, category_id, condition_id) VALUES ('11564173-9b64-4fd5-bf8a-940e54063c58', 'SkyDrone Pro', '4K camera drone with GPS and auto-return.', 300.00, 'https://serpapi.com/searches/65828e25d04d6ddb9ff2c703/images/d789dfde99b505ab02fbe3a8eb4b01b7c9f5ff024633d877b53de3c3c568865f.jpeg', '6ee962cb-04ad-42dc-a923-22b60d743c27', '5a324837-caf3-41b4-9a79-322533e69515');
INSERT INTO item (id, name, description, price, image, category_id, condition_id) VALUES ('6f6cea12-6dfc-4746-a08a-0230f4a1dcfc', 'Twilight Floor Lamp', 'Modern floor lamp with adjustable settings.', 90.00, 'https://serpapi.com/searches/65828e979d15868f94cf48bb/images/cddc4298eef4b884a9b4ad08e7ea3803f4500f80ce27388f8ea410c2a212dc5e.jpeg', '66fef740-b6e5-4474-8f2b-a03d0bb0ac13', '5a324837-caf3-41b4-9a79-322533e69515');
INSERT INTO item (id, name, description, price, image, category_id, condition_id) VALUES ('7c8ee8da-bb97-4345-8d38-af40a3de4f06', 'Urban Joggers', 'Comfortable and stylish joggers for everyday wear.', 35.00, 'https://serpapi.com/searches/65828ea1defa13034395478d/images/d3a9d3843fa73008aea7d91b7a39c0978c3a11895aed5fe82f05825c7a42e69b.jpeg', 'c07841f8-53d4-4ab7-b813-890125d2fed4', '191e8bea-7419-4b91-b31c-96a948e3d0a7');
INSERT INTO item (id, name, description, price, image, category_id, condition_id) VALUES ('5b36b013-5c90-4425-b81a-bacb0aa21bb2', 'MasterChef Junior Kit', 'Kids cooking set for aspiring young chefs.', 30.00, 'https://serpapi.com/searches/65828d73c7ad4131478c796e/images/60dd9b317792a185a35abfb5e0eae1cedc90b7100da7abce40e10e82101ae1bc.jpeg', '35835fdf-3942-47f5-970a-9abdb38f3430', '191e8bea-7419-4b91-b31c-96a948e3d0a7');
INSERT INTO item (id, name, description, price, image, category_id, condition_id) VALUES ('adb18846-ac90-4c89-bc6e-f0034660738f', 'Jazz Festival Weekend', 'Weekend tickets to the New Orleans Jazz Festival.', 120.00, 'https://serpapi.com/searches/65828d473944b0db3df2194c/images/adc66d66b05674d27c42a13f8877b8ccea397d4560ca6ba9fc1ae7662f26b0ae.jpeg', '773a2740-c050-41e6-b2b9-ed67eb2bbe51', '191e8bea-7419-4b91-b31c-96a948e3d0a7');
INSERT INTO item (id, name, description, price, image, category_id, condition_id) VALUES ('99329c38-fcb8-49f9-a2a6-5a5709c76fbf', 'BeatSync Bluetooth Speaker', 'Compact Bluetooth speaker with dynamic light sync.', 55.00, 'https://pixabay.com/photos/speakers-speaker-music-sound-1595696/', '6ee962cb-04ad-42dc-a923-22b60d743c27', '5a324837-caf3-41b4-9a79-322533e69515');
INSERT INTO item (id, name, description, price, image, category_id, condition_id) VALUES ('d2914244-d75c-462c-afec-7c743914ff35', 'Serenity Rocking Chair', 'Wooden rocking chair for porch or nursery.', 130.00, 'https://serpapi.com/searches/65828e1eb5961ed0617cf3b9/images/38bcbbd165948f7d34ac79ae7cf6dba5783450ca5fbd5ca52c863c1c802481f9.jpeg', '66fef740-b6e5-4474-8f2b-a03d0bb0ac13', '5a324837-caf3-41b4-9a79-322533e69515');
INSERT INTO item (id, name, description, price, image, category_id, condition_id) VALUES ('2f528668-5e35-4310-b179-36db815d5707', 'Classic Leather Belt', 'Genuine leather belt, a timeless accessory.', 40.00, 'https://pixabay.com/photos/leather-belt-buckle-belt-buckle-1633686/', 'c07841f8-53d4-4ab7-b813-890125d2fed4', '5a324837-caf3-41b4-9a79-322533e69515');
INSERT INTO item (id, name, description, price, image, category_id, condition_id) VALUES ('956dfcea-2e08-4810-a6bf-b895755a5c56', 'Build-A-Robot Set', 'DIY robot building kit for kids.', 35.00, 'https://pixabay.com/photos/robot-mech-machine-technology-507811/', '35835fdf-3942-47f5-970a-9abdb38f3430', '191e8bea-7419-4b91-b31c-96a948e3d0a7');
INSERT INTO item (id, name, description, price, image, category_id, condition_id) VALUES ('2b91f6e0-9e33-4270-9b83-fa302304e91f', 'Vineyard Tour and Tasting', 'Guided tour and wine tasting at a renowned vineyard.', 70.00, 'https://serpapi.com/searches/65828eb5a4bb3823857d15f7/images/3cad071f997f3838749b9d5b93345bb1c97ccd84e843bfc4757787fdc2a1c06b.jpeg', '773a2740-c050-41e6-b2b9-ed67eb2bbe51', '5a324837-caf3-41b4-9a79-322533e69515');
INSERT INTO item (id, name, description, price, image, category_id, condition_id) VALUES ('9230660c-f684-4a1c-ad1a-8fbbfcd8d5fd', 'NightVision Camcorder', 'Camcorder with night vision capability for vlogging.', 220.00, 'https://serpapi.com/searches/65828db29b6472750583b354/images/237d8aaf407a0bee6ec0f74cfc9c635b694629137ff96b688f63402a624e7d71.jpeg', '6ee962cb-04ad-42dc-a923-22b60d743c27', '5a324837-caf3-41b4-9a79-322533e69515');
INSERT INTO item (id, name, description, price, image, category_id, condition_id) VALUES ('f56ad37a-4d2a-4362-980b-e1069bfda416', 'Moonlight Wall Shelves', 'Set of three crescent moon-shaped wall shelves.', 65.00, 'https://serpapi.com/searches/65828d9ed5b1c5d3ffa2f660/images/3a62991912c11631d9856f3e82afc2ae914554e8fd87629a3e5b6cc84cf5fd45.jpeg', '66fef740-b6e5-4474-8f2b-a03d0bb0ac13', '5a324837-caf3-41b4-9a79-322533e69515');
INSERT INTO item (id, name, description, price, image, category_id, condition_id) VALUES ('dfd2348a-e78a-4976-8b6f-dd33839aaf62', 'Safari Vest', 'Multi-pocket vest for outdoor adventures.', 50.00, 'https://serpapi.com/searches/65828e0deb690fe030dba49c/images/5dbe7b1b5aa30e262377985235ba70a64cfb37e9167a210ce26cb440cd4feda5.jpeg', 'c07841f8-53d4-4ab7-b813-890125d2fed4', '5a324837-caf3-41b4-9a79-322533e69515');
INSERT INTO item (id, name, description, price, image, category_id, condition_id) VALUES ('78e2b801-cd02-49d6-a6a4-380a5bbab560', 'Miniature Dollhouse', 'Detailed miniature dollhouse with furnishings.', 80.00, 'https://serpapi.com/searches/65828d802f542ecd8cc27abe/images/ae5c1ab2671e5e4d9b20dc5a5c52752128cdca6e6d721c11dc792c8847bfd372.jpeg', '35835fdf-3942-47f5-970a-9abdb38f3430', '5a324837-caf3-41b4-9a79-322533e69515');
INSERT INTO item (id, name, description, price, image, category_id, condition_id) VALUES ('2bd0ec7a-11be-4383-ab5f-cf74eb49983e', 'Broadway Show "Eclipse"', 'Tickets to the hit Broadway show "Eclipse."', 100.00, 'https://pixabay.com/photos/theater-cinema-audience-performance-602986/', '773a2740-c050-41e6-b2b9-ed67eb2bbe51', '191e8bea-7419-4b91-b31c-96a948e3d0a7');
INSERT INTO item (id, name, description, price, image, category_id, condition_id) VALUES ('10843518-7618-4c6c-8f2d-6bea30bd9a1e', 'Compact Solar Charger', 'Portable solar charger for phones and tablets.', 35.00, 'https://serpapi.com/searches/65828afaf55d770fe00fa476/images/08063bd1a659c4f800300981c4e2e4063a3972c88b0eac549b92e81ecdf49d20.jpeg', '6ee962cb-04ad-42dc-a923-22b60d743c27', '5a324837-caf3-41b4-9a79-322533e69515');
INSERT INTO item (id, name, description, price, image, category_id, condition_id) VALUES ('208d23e0-1d36-4306-ab20-aa73bcdba579', 'Zen Water Fountain', 'Indoor water fountain for relaxation and ambiance.', 75.00, 'https://serpapi.com/searches/65828ee1c56d931c7576c42a/images/870ffe853342e66c864f245bf1c8567ae9cc8604f0f520a5704d24aeaa198f60.jpeg', '66fef740-b6e5-4474-8f2b-a03d0bb0ac13', '191e8bea-7419-4b91-b31c-96a948e3d0a7');
INSERT INTO item (id, name, description, price, image, category_id, condition_id) VALUES ('80f15b28-124b-4f32-a6b7-b5c7e3b98caa', 'Fitness Leggings', 'High-performance leggings for gym and yoga.', 25.00, 'https://serpapi.com/searches/65828d0fe4a23dbaec05ec6c/images/50b095d89033b13e608842b5f8ee6539e99b436f6db1a587c6ffef2d72950779.jpeg', 'c07841f8-53d4-4ab7-b813-890125d2fed4', '191e8bea-7419-4b91-b31c-96a948e3d0a7');
INSERT INTO item (id, name, description, price, image, category_id, condition_id) VALUES ('164ea3aa-aedf-4150-9ba3-94030263ce80', 'Space Rocket Playset', 'Space-themed playset with rocket and astronauts.', 40.00, 'https://serpapi.com/searches/65828e47eb690fe030dba4b1/images/e14d51f28f6bc8605e1065d443c7e5822f8cc8cf5110bfc286ae51a1e93cc0c8.jpeg', '35835fdf-3942-47f5-970a-9abdb38f3430', '5a324837-caf3-41b4-9a79-322533e69515');
INSERT INTO item (id, name, description, price, image, category_id, condition_id) VALUES ('e3cf0c24-18c3-41a0-8af0-d021fc6cce99', 'Art Workshop Entry', 'Ticket for a hands-on art and creativity workshop.', 60.00, 'https://pixabay.com/photos/paint-arts-artist-creative-316598/', '773a2740-c050-41e6-b2b9-ed67eb2bbe51', '5a324837-caf3-41b4-9a79-322533e69515');
INSERT INTO item (id, name, description, price, image, category_id, condition_id) VALUES ('376c4188-05b2-4bd3-99f8-93e7ccc6739e', 'Smart Weather Station', 'Wireless weather station with smartphone integration.', 75.00, 'https://serpapi.com/searches/65828e399c84acb1ba1dcc25/images/7b83dea2889d00e51afce79cc60e9b5177ad298ec1bf4d5c5e65019821d7124c.jpeg', '6ee962cb-04ad-42dc-a923-22b60d743c27', '5a324837-caf3-41b4-9a79-322533e69515');
INSERT INTO item (id, name, description, price, image, category_id, condition_id) VALUES ('a51e1229-d7fd-4301-938b-ae7c6f466feb', 'Compact Corner Desk', 'Space-saving corner desk for small home offices.', 100.00, 'https://pixabay.com/photos/office-desk-smartphone-desk-workspace-336373/', '66fef740-b6e5-4474-8f2b-a03d0bb0ac13', '191e8bea-7419-4b91-b31c-96a948e3d0a7');
INSERT INTO item (id, name, description, price, image, category_id, condition_id) VALUES ('064f179f-0ebc-4b12-9284-3e76ea8ea112', 'Thermal Windbreaker', 'Lightweight, thermal-lined windbreaker for outdoor use.', 65.00, 'https://serpapi.com/searches/65828e870ead41525d6ebe30/images/c9ea1af272bd67ee7c3fb3b6472629b21b6b018950fe5df76fc6b042bb2c8e61.jpeg', 'c07841f8-53d4-4ab7-b813-890125d2fed4', '5a324837-caf3-41b4-9a79-322533e69515');
INSERT INTO item (id, name, description, price, image, category_id, condition_id) VALUES ('6cb05599-0362-4117-b6c0-b687802e4d83', 'Magnetic Building Blocks', 'Set of colorful magnetic building blocks for kids.', 30.00, 'https://serpapi.com/searches/65828d6d3a218a4caffd64b8/images/d672e7f1bf01c3e5e8c825aea5fe104b0a8c348d8535168a92e754d40d3efc7d.jpeg', '35835fdf-3942-47f5-970a-9abdb38f3430', '5a324837-caf3-41b4-9a79-322533e69515');
INSERT INTO item (id, name, description, price, image, category_id, condition_id) VALUES ('da444747-d1f2-4d3d-a4aa-8f6a51160c82', 'Aquarium Day Pass', 'Day pass for family fun at the city aquarium.', 40.00, 'https://pixabay.com/photos/jellyfish-aquarium-underwater-4783730/', '773a2740-c050-41e6-b2b9-ed67eb2bbe51', '5a324837-caf3-41b4-9a79-322533e69515');
INSERT INTO item (id, name, description, price, image, category_id, condition_id) VALUES ('125a4eb2-0de2-4eca-9044-bdbc1b8f6799', 'Wireless Charging Pad', 'Sleek and fast wireless charging pad for smartphones.', 25.00, 'https://serpapi.com/searches/65828edc2ff421dd0fd9f1f1/images/658d0c8d5f5230bca9ecf119876f5118c2f97791dbaa3e74654f549bdd029ce8.jpeg', '6ee962cb-04ad-42dc-a923-22b60d743c27', '191e8bea-7419-4b91-b31c-96a948e3d0a7');
INSERT INTO item (id, name, description, price, image, category_id, condition_id) VALUES ('cd33b163-7dd1-4753-a091-ae706d95ccdc', 'Vintage Nightstand', 'Classic wooden nightstand with a vintage look.', 80.00, 'https://serpapi.com/searches/65828ec4c9de45783f76a7d3/images/223ed5d7c674dbc925ed59feb32a8b012ca4b46c124d0af142ace5c1883f1606.jpeg', '66fef740-b6e5-4474-8f2b-a03d0bb0ac13', '5a324837-caf3-41b4-9a79-322533e69515');
INSERT INTO item (id, name, description, price, image, category_id, condition_id) VALUES ('7b5eff79-f522-4a4c-bc00-606ccc1d9814', 'Eco Yoga Mat', 'Eco-friendly, non-slip yoga mat in various colors.', 35.00, 'https://serpapi.com/searches/65828cf2e93ff40c7cdcbda2/images/0fe9f68f7903a29a3007f3eb2f928c01bdd16e493cb70600531a9032ce61d7e5.jpeg', 'c07841f8-53d4-4ab7-b813-890125d2fed4', '5a324837-caf3-41b4-9a79-322533e69515');
INSERT INTO item (id, name, description, price, image, category_id, condition_id) VALUES ('804208d7-866a-46fe-a2ff-433d45c80945', 'Talking Parrot Plush', 'Interactive plush parrot that mimics speech.', 20.00, 'https://serpapi.com/searches/65828e7d272aa5c461c3d58d/images/727317b05320c986a47eb5b8bdb22d8d5f7a83ed2169631f923545c2ca7a87b4.jpeg', '35835fdf-3942-47f5-970a-9abdb38f3430', '5a324837-caf3-41b4-9a79-322533e69515');
INSERT INTO item (id, name, description, price, image, category_id, condition_id) VALUES ('b6896479-a37e-4449-81f3-ed448106397b', 'Pocket Power Solar Charger', 'Compact solar charger for on-the-go device charging.', 30.00, 'https://serpapi.com/searches/65828dd07bea271b18ad5626/images/6814d58c58d0392bf274dd537e91332710fcd6a3ee21fcc5047480c529f2dc35.jpeg', '6ee962cb-04ad-42dc-a923-22b60d743c27', '191e8bea-7419-4b91-b31c-96a948e3d0a7');
INSERT INTO item (id, name, description, price, image, category_id, condition_id) VALUES ('d159e8c2-fe34-43b6-9cf4-b1f62877c72a', 'Rustic Bookcase', 'Wooden bookcase with a rustic finish.', 120.00, 'https://serpapi.com/searches/65828e091d64ea4843aa1d3c/images/781230b8c56cff597643361a3d8ac52ae03084ab0108c0cc22b1e4f536d720ce.jpeg', '66fef740-b6e5-4474-8f2b-a03d0bb0ac13', '191e8bea-7419-4b91-b31c-96a948e3d0a7');
INSERT INTO item (id, name, description, price, image, category_id, condition_id) VALUES ('dec4b956-dd82-4763-b751-c0a24c9f40d2', 'Running Compression Shorts', 'High-performance compression shorts for running.', 25.00, 'https://serpapi.com/searches/65828e041071f4aff9c3ced2/images/58c6d47235c60bdff13a13ddf2e675e086ab314afdacf2c0f78f1e4217f7a51f.jpeg', 'c07841f8-53d4-4ab7-b813-890125d2fed4', '191e8bea-7419-4b91-b31c-96a948e3d0a7');
INSERT INTO item (id, name, description, price, image, category_id, condition_id) VALUES ('a8252e28-32c2-43dc-9552-5ee786a68cde', 'Electric Train Set', 'Model electric train set with tracks.', 50.00, 'https://serpapi.com/searches/65828cfe92564128fbffb794/images/81286aa3f1bbb233c9dedf077a2a5326c78ea9838d428ca0a8fa69b7efd9a463.jpeg', '35835fdf-3942-47f5-970a-9abdb38f3430', '191e8bea-7419-4b91-b31c-96a948e3d0a7');
INSERT INTO item (id, name, description, price, image, category_id, condition_id) VALUES ('346df87c-a945-4b07-b623-79b8ce7d4786', 'Hot Air Balloon Ride', 'Ticket for a scenic hot air balloon ride.', 150.00, 'https://serpapi.com/searches/65828d35b5961ed0617cf38c/images/25efe326878a967ada5e61a0f524df5b0ed6ea5fadab6fdb9ff046ee35ad23a6.jpeg', '773a2740-c050-41e6-b2b9-ed67eb2bbe51', '191e8bea-7419-4b91-b31c-96a948e3d0a7');
INSERT INTO item (id, name, description, price, image, category_id, condition_id) VALUES ('efbb9a72-3407-4414-b44b-1d43a0b999b2', 'Retro Gaming Console', 'Vintage-style gaming console with preloaded games.', 60.00, 'https://serpapi.com/searches/65828dee47ccf1d18acf7b68/images/0e2a99ee05f6d804b140be368f626354aff110c47fc8344a2f392342666b9dda.jpeg', '6ee962cb-04ad-42dc-a923-22b60d743c27', '5a324837-caf3-41b4-9a79-322533e69515');
INSERT INTO item (id, name, description, price, image, category_id, condition_id) VALUES ('ed6fd485-8197-43ad-a1c1-2fea9c4e2178', 'Adjustable Standing Desk', 'Ergonomic standing desk with height adjustment.', 200.00, 'https://pixabay.com/photos/stand-up-desk-workspace-office-791464/', '66fef740-b6e5-4474-8f2b-a03d0bb0ac13', '5a324837-caf3-41b4-9a79-322533e69515');
INSERT INTO item (id, name, description, price, image, category_id, condition_id) VALUES ('66c0a0af-3dd4-4267-8d2f-939bf3e84584', 'Waterproof Cycling Jacket', 'Lightweight, waterproof jacket for cycling.', 70.00, 'https://serpapi.com/searches/65828ed0f2180162b78b2ff0/images/ccf7ade1e0e58de08ba3882d5064bcdc07770b6331af44920251ac75e86ebe6f.jpeg', 'c07841f8-53d4-4ab7-b813-890125d2fed4', '5a324837-caf3-41b4-9a79-322533e69515');
INSERT INTO item (id, name, description, price, image, category_id, condition_id) VALUES ('6311fd97-f5b1-471b-829e-c16bef5c3073', 'Dinosaur Fossil Dig Kit', 'Excavation kit for digging up dinosaur fossils.', 20.00, 'https://serpapi.com/searches/65828b4033b2366adc402c1e/images/c2392c48be20a29dce96f509cc3dad7931ceb7e3d2fa3136452d0d779d2a4de3.jpeg', '35835fdf-3942-47f5-970a-9abdb38f3430', '5a324837-caf3-41b4-9a79-322533e69515');
INSERT INTO item (id, name, description, price, image, category_id, condition_id) VALUES ('1a6d5137-1df4-43b6-8467-e819664c4c46', 'Luxury Spa Day Pass', 'Day pass for a luxury spa experience.', 90.00, 'https://serpapi.com/searches/65828d609d15869030c9e675/images/9bb21642e8ef6787b73b41c6864eaffec24b227e340ee54239c96c67a34bc7fc.jpeg', '773a2740-c050-41e6-b2b9-ed67eb2bbe51', '191e8bea-7419-4b91-b31c-96a948e3d0a7');
INSERT INTO item (id, name, description, price, image, category_id, condition_id) VALUES ('bfb7f5f2-80c4-4a6f-b421-133a69304b9b', 'Smart Home Security Camera', 'Wi-Fi-enabled home security camera with app control.', 80.00, 'https://serpapi.com/searches/65828e33a4be10a4db792532/images/c4c18e6ad3fbe28aeee73d9a378866217ed7876fbd3d742cdbbeb77404cf1322.jpeg', '6ee962cb-04ad-42dc-a923-22b60d743c27', '5a324837-caf3-41b4-9a79-322533e69515');
INSERT INTO item (id, name, description, price, image, category_id, condition_id) VALUES ('c0a00298-1f6d-40af-9cbc-a1f4b27b6313', 'Bamboo Bath Caddy', 'Expandable bamboo caddy for bathtime convenience.', 35.00, 'https://pixabay.com/photos/bath-tub-bamboo-bathroom-bath-2533336/', '66fef740-b6e5-4474-8f2b-a03d0bb0ac13', '5a324837-caf3-41b4-9a79-322533e69515');
INSERT INTO item (id, name, description, price, image, category_id, condition_id) VALUES ('b7a1c6e4-cf05-4b03-b538-0cd420fdaa3e', 'Leather Messenger Bag', 'Stylish leather messenger bag for everyday use.', 90.00, 'https://serpapi.com/searches/65828d4d17f923887c15a2f0/images/6c3ffb131f99629c0825e92c6750d4ddc1fee148a713f011d563e4f4ad198e03.jpeg', 'c07841f8-53d4-4ab7-b813-890125d2fed4', '191e8bea-7419-4b91-b31c-96a948e3d0a7');
INSERT INTO item (id, name, description, price, image, category_id, condition_id) VALUES ('eb7cdaef-0696-4d7d-94a0-83c56ee626ba', 'Interactive Globe', 'Educational globe with interactive features for kids.', 45.00, 'https://serpapi.com/searches/65828d3c797ac67ba7396b91/images/d905d462515d5c970024010f4b2b15d4148069ffb7720e6c07e7bff619bc7165.jpeg', '35835fdf-3942-47f5-970a-9abdb38f3430', '5a324837-caf3-41b4-9a79-322533e69515');
INSERT INTO item (id, name, description, price, image, category_id, condition_id) VALUES ('7f7a6b66-6ddd-4d25-843f-529d08e865d0', 'Guided Mountain Hiking Tour', 'Guided hiking tour in the scenic mountain range.', 65.00, 'https://serpapi.com/searches/65828d30c7ad4131478c7949/images/ced5d8dad2d30dfa0d5c79c21fb02ae5ae2311e7d9917eef8f6891bdb84417c5.jpeg', '773a2740-c050-41e6-b2b9-ed67eb2bbe51', '5a324837-caf3-41b4-9a79-322533e69515');
INSERT INTO item (id, name, description, price, image, category_id, condition_id) VALUES ('aa0b5c9a-0658-41e0-94e3-4c596a07b1bc', 'Bluetooth Vinyl Record Player', 'Vintage-style record player with Bluetooth capability.', 100.00, 'https://pixabay.com/photos/turntable-vinyl-retro-vintage-music-1337986/', '6ee962cb-04ad-42dc-a923-22b60d743c27', '5a324837-caf3-41b4-9a79-322533e69515');
INSERT INTO item (id, name, description, price, image, category_id, condition_id) VALUES ('39e48497-e47d-424b-adb3-a3b7dad54909', 'Minimalist Wall Clock', 'Sleek and modern wall clock with a minimalist design.', 40.00, 'https://serpapi.com/searches/65828d8d94fb03107fb0db31/images/293b032de9a6d1875b60d89b1d7f39c59e45eb535a72667b4d720cebbc3a63a7.jpeg', '66fef740-b6e5-4474-8f2b-a03d0bb0ac13', '191e8bea-7419-4b91-b31c-96a948e3d0a7');
