-- noinspection SqlResolveForFile

INSERT INTO CATEGORY (id, name) VALUES ('c07841f8-53d4-4ab7-b813-890125d2fed4', 'Clothes');
INSERT INTO CATEGORY (id, name) VALUES ('6ee962cb-04ad-42dc-a923-22b60d743c27', 'Electronics');
INSERT INTO CATEGORY (id, name) VALUES ('66fef740-b6e5-4474-8f2b-a03d0bb0ac13', 'Furniture');
INSERT INTO CATEGORY (id, name) VALUES ('35835fdf-3942-47f5-970a-9abdb38f3430', 'Toys');
INSERT INTO CATEGORY (id, name) VALUES ('773a2740-c050-41e6-b2b9-ed67eb2bbe51', 'Tickets');

INSERT INTO condition (id, name) VALUES ('191e8bea-7419-4b91-b31c-96a948e3d0a7', 'New');
INSERT INTO condition (id, name) VALUES ('5a324837-caf3-41b4-9a79-322533e69515', 'Used');

INSERT INTO product (id, name, description, price, image, category_id, condition_id) VALUES ('67bda2f4-283e-44b4-9f3e-dd98f4a1d63c', 'SonicBoom Speaker', 'Portable Bluetooth speaker with high-quality sound.', 45, 'https://pixabay.com/photos/speaker-loudspeaker-audio-music-1595695/', '6ee962cb-04ad-42dc-a923-22b60d743c27', '191e8bea-7419-4b91-b31c-96a948e3d0a7');
INSERT INTO product (id, name, description, price, image, category_id, condition_id) VALUES ('ead131c2-4a9b-4c83-afd6-c8292ddb1e47', 'ComfyStudy Chair', 'Ergonomic office chair with lumbar support.', 120, 'https://pixabay.com/photos/office-sitting-room-executive-sitting-730681/', '66fef740-b6e5-4474-8f2b-a03d0bb0ac13', '5a324837-caf3-41b4-9a79-322533e69515');
INSERT INTO product (id, name, description, price, image, category_id, condition_id) VALUES ('4c0a0aa8-401c-4799-8b39-f05607a2a6a5', 'Trailblazer Jacket', 'Waterproof and windproof outdoor jacket.', 60, 'https://pixabay.com/photos/jacket-clothing-men-s-fashion-743399/', 'c07841f8-53d4-4ab7-b813-890125d2fed4', '191e8bea-7419-4b91-b31c-96a948e3d0a7');
INSERT INTO product (id, name, description, price, image, category_id, condition_id) VALUES ('a570b945-665d-42e4-bf47-2ef719b4c3b8', 'PuzzleMaster 500', '500-piece jigsaw puzzle with vibrant artwork.', 20, 'https://pixabay.com/photos/puzzle-play-piecing-together-673250/', '35835fdf-3942-47f5-970a-9abdb38f3430', '191e8bea-7419-4b91-b31c-96a948e3d0a7');
INSERT INTO product (id, name, description, price, image, category_id, condition_id) VALUES ('8789a1e8-a175-4141-9d46-cf3626627d58', 'ConcertPass Deluxe', 'Ticket to the Summer Music Fest, VIP Access.', 150, 'https://pixabay.com/photos/ticket-concert-invitation-pass-466925/', '773a2740-c050-41e6-b2b9-ed67eb2bbe51', '191e8bea-7419-4b91-b31c-96a948e3d0a7');
INSERT INTO product (id, name, description, price, image, category_id, condition_id) VALUES ('d5b307ca-9cdc-459c-b21c-ab8d20b205f1', 'Galaxy Earbuds', 'Wireless earbuds with noise cancellation.', 80, 'https://pixabay.com/photos/headphones-headset-music-audio-3387931/', '6ee962cb-04ad-42dc-a923-22b60d743c27', '5a324837-caf3-41b4-9a79-322533e69515');
INSERT INTO product (id, name, description, price, image, category_id, condition_id) VALUES ('105fa621-042d-47c4-8deb-69e23f24af77', 'ZenBookshelf', 'Minimalist wooden bookshelf.', 150, 'https://pixabay.com/photos/bookshelf-furniture-design-wooden-3532950/', '66fef740-b6e5-4474-8f2b-a03d0bb0ac13', '5a324837-caf3-41b4-9a79-322533e69515');
INSERT INTO product (id, name, description, price, image, category_id, condition_id) VALUES ('a3b0d439-f8a3-46d1-bfae-555d1106d31d', 'Vintage Denim', 'Classic vintage style denim jeans.', 50, 'https://pixabay.com/photos/jeans-pants-blue-shop-428614/', 'c07841f8-53d4-4ab7-b813-890125d2fed4', '191e8bea-7419-4b91-b31c-96a948e3d0a7');
INSERT INTO product (id, name, description, price, image, category_id, condition_id) VALUES ('a5e9ff02-79ff-4546-b4b6-fb57f462d5b5', 'RoboDino', 'Interactive robotic dinosaur toy.', 30, 'https://pixabay.com/photos/toy-dinosaur-toy-figure-figurine-2384689/', '35835fdf-3942-47f5-970a-9abdb38f3430', '5a324837-caf3-41b4-9a79-322533e69515');
INSERT INTO product (id, name, description, price, image, category_id, condition_id) VALUES ('67444d30-ebcb-4da2-adc2-360c64d6263e', 'ArtGallery Pass', 'One-day pass to the Grand Art Gallery.', 25, 'https://pixabay.com/photos/ticket-admission-admit-entrance-1092173/', '773a2740-c050-41e6-b2b9-ed67eb2bbe51', '5a324837-caf3-41b4-9a79-322533e69515');
INSERT INTO product (id, name, description, price, image, category_id, condition_id) VALUES ('3d884170-adb8-4823-9819-e2570269d10d', 'ProCam X100', 'Professional digital camera with 4K support.', 500, 'https://pixabay.com/photos/camera-digital-camera-dslr-159862/', '6ee962cb-04ad-42dc-a923-22b60d743c27', '191e8bea-7419-4b91-b31c-96a948e3d0a7');
INSERT INTO product (id, name, description, price, image, category_id, condition_id) VALUES ('ac7c13da-6682-4086-9820-7e54ef857f96', 'DreamyNight Bed', 'Queen size bed with memory foam mattress.', 400, 'https://pixabay.com/photos/bed-bedroom-blanket-clean-1839183/', '66fef740-b6e5-4474-8f2b-a03d0bb0ac13', '191e8bea-7419-4b91-b31c-96a948e3d0a7');
INSERT INTO product (id, name, description, price, image, category_id, condition_id) VALUES ('e18f2fb5-d152-4520-87c7-3cc1a00eca54', 'SunHat Elegance', 'Wide-brimmed sun hat for summer days.', 25, 'https://pixabay.com/photos/hat-fashion-style-happy-sunhat-829491/', 'c07841f8-53d4-4ab7-b813-890125d2fed4', '5a324837-caf3-41b4-9a79-322533e69515');
INSERT INTO product (id, name, description, price, image, category_id, condition_id) VALUES ('00056d5a-a6b9-48ca-a2d9-df487e08eef3', 'SpeedRacer Car', 'Remote-controlled race car.', 35, 'https://pixabay.com/photos/rc-car-remote-control-terrain-auto-4787539/', '35835fdf-3942-47f5-970a-9abdb38f3430', '5a324837-caf3-41b4-9a79-322533e69515');
INSERT INTO product (id, name, description, price, image, category_id, condition_id) VALUES ('090c2bc0-a7c5-44c3-b513-7209e17eb221', 'SciFi Convention Entry', 'Ticket to the annual Sci-Fi & Fantasy Convention.', 40, 'https://pixabay.com/photos/ticket-roll-admission-tickets-315079/', '773a2740-c050-41e6-b2b9-ed67eb2bbe51', '5a324837-caf3-41b4-9a79-322533e69515');
INSERT INTO product (id, name, description, price, image, category_id, condition_id) VALUES ('c5d70692-9435-4b51-b624-16d200644339', 'QuickCharge Power Bank', 'High-capacity portable charger.', 30, 'https://pixabay.com/photos/power-bank-charger-mobile-4782021/', '6ee962cb-04ad-42dc-a923-22b60d743c27', '191e8bea-7419-4b91-b31c-96a948e3d0a7');
INSERT INTO product (id, name, description, price, image, category_id, condition_id) VALUES ('b0f6e577-997a-4342-bb42-7cc953ee753a', 'CozyBeanBag', 'Extra large bean bag chair.', 60, 'https://pixabay.com/photos/bean-bag-chair-furniture-beanbag-2563040/', '66fef740-b6e5-4474-8f2b-a03d0bb0ac13', '5a324837-caf3-41b4-9a79-322533e69515');
INSERT INTO product (id, name, description, price, image, category_id, condition_id) VALUES ('50a1511a-16f5-4deb-a560-447adfdc2a8c', 'Fitness Tracker Band', 'Wearable fitness tracker with heart rate monitor.', 45, 'https://pixabay.com/photos/smart-watch-arm-wrist-watch-821559/', 'c07841f8-53d4-4ab7-b813-890125d2fed4', '5a324837-caf3-41b4-9a79-322533e69515');
INSERT INTO product (id, name, description, price, image, category_id, condition_id) VALUES ('95ad64d4-748d-469f-8c7b-72f8d65e1ec4', 'MagicScience Kit', 'Science experiment kit for kids.', 20, 'https://pixabay.com/photos/cute-boy-child-playing-toy-kid-3194971/', '35835fdf-3942-47f5-970a-9abdb38f3430', '191e8bea-7419-4b91-b31c-96a948e3d0a7');
INSERT INTO product (id, name, description, price, image, category_id, condition_id) VALUES ('22601ff2-077d-410a-a63f-37e98361ba63', 'Museum Explorer Pass', 'Pass for exploring historical museums in the city.', 35, 'https://pixabay.com/photos/tickets-cinema-ticket-office-cinema-1027127/', '773a2740-c050-41e6-b2b9-ed67eb2bbe51', '5a324837-caf3-41b4-9a79-322533e69515');
INSERT INTO product (id, name, description, price, image, category_id, condition_id) VALUES ('a6353a7a-6169-42b1-ac65-c0ca8eb2a9bc', 'Portable Bluetooth Speaker', 'Compact speaker with impressive sound quality.', 50, 'https://pixabay.com/photos/bluetooth-speaker-amplifier-music-2599770/', '6ee962cb-04ad-42dc-a923-22b60d743c27', '5a324837-caf3-41b4-9a79-322533e69515');
INSERT INTO product (id, name, description, price, image, category_id, condition_id) VALUES ('c23f7e30-21bc-4f47-a82c-12f79cb899df', 'Elegant Study Lamp', 'LED study lamp with adjustable brightness.', 45, 'https://pixabay.com/photos/table-lamp-light-lighting-2562324/', '66fef740-b6e5-4474-8f2b-a03d0bb0ac13', '191e8bea-7419-4b91-b31c-96a948e3d0a7');
INSERT INTO product (id, name, description, price, image, category_id, condition_id) VALUES ('a7347ca0-df19-48a6-97a0-6b7fd9ee7f06', 'RainRunner Jacket', 'Lightweight waterproof jacket perfect for runners.', 70, 'https://pixabay.com/photos/jacket-clothing-sport-blue-2585810/', 'c07841f8-53d4-4ab7-b813-890125d2fed4', '191e8bea-7419-4b91-b31c-96a948e3d0a7');
INSERT INTO product (id, name, description, price, image, category_id, condition_id) VALUES ('0470a8bf-ac4a-4401-87af-ac21ab70c2f2', 'Castle Building Blocks', 'Wooden blocks for building castles and forts.', 25, 'https://pixabay.com/photos/game-blocks-tower-play-wood-5596231/', '35835fdf-3942-47f5-970a-9abdb38f3430', '191e8bea-7419-4b91-b31c-96a948e3d0a7');
INSERT INTO product (id, name, description, price, image, category_id, condition_id) VALUES ('d2ae33ab-d270-4db2-8a9e-0b58d40be9eb', 'National Park Pass', 'Annual pass to national parks and natural reserves.', 60, 'https://pixabay.com/photos/admission-coupon-admit-believe-2974645/', '773a2740-c050-41e6-b2b9-ed67eb2bbe51', '5a324837-caf3-41b4-9a79-322533e69515');
INSERT INTO product (id, name, description, price, image, category_id, condition_id) VALUES ('2dc40dbe-415f-4d4b-9bb8-889fcc8e9e8b', 'Sunrise Alarm Clock', 'Alarm clock that simulates sunrise for gentle waking.', 40, 'https://pixabay.com/photos/alarm-clock-time-of-good-morning-2116007/', '6ee962cb-04ad-42dc-a923-22b60d743c27', '191e8bea-7419-4b91-b31c-96a948e3d0a7');
INSERT INTO product (id, name, description, price, image, category_id, condition_id) VALUES ('57a94b19-ff0d-477b-a1df-7e6628617177', 'SpaceSaver Desk', 'Compact desk ideal for small spaces.', 120, 'https://pixabay.com/photos/desk-furniture-table-wood-space-5149757/', '66fef740-b6e5-4474-8f2b-a03d0bb0ac13', '191e8bea-7419-4b91-b31c-96a948e3d0a7');
INSERT INTO product (id, name, description, price, image, category_id, condition_id) VALUES ('e6ad0509-1da0-47ac-96b1-ffcfbee2532f', 'EcoFriendly Tote Bag', 'Reusable and eco-friendly shopping tote bag.', 15, 'https://pixabay.com/photos/bag-cotton-bag-carrying-bag-3623086/', 'c07841f8-53d4-4ab7-b813-890125d2fed4', '191e8bea-7419-4b91-b31c-96a948e3d0a7');
INSERT INTO product (id, name, description, price, image, category_id, condition_id) VALUES ('6a495c4e-699d-4f24-a5ed-eac05c5a5885', 'Superhero Action Figures', 'Set of 4 superhero action figures.', 40, 'https://pixabay.com/photos/superhero-toy-figurine-figure-5702578/', '35835fdf-3942-47f5-970a-9abdb38f3430', '191e8bea-7419-4b91-b31c-96a948e3d0a7');
INSERT INTO product (id, name, description, price, image, category_id, condition_id) VALUES ('d2a89db0-2305-4718-95ed-917f18cbd3e9', 'Live Jazz Night', 'Entry ticket to an exclusive live jazz evening.', 50, 'https://pixabay.com/photos/musician-trumpet-metal-jazz-349790/', '773a2740-c050-41e6-b2b9-ed67eb2bbe51', '191e8bea-7419-4b91-b31c-96a948e3d0a7');
INSERT INTO product (id, name, description, price, image, category_id, condition_id) VALUES ('23db2f77-5ef4-4cb0-b57b-df939e531093', 'StreamMic Pro', 'Studio-quality USB microphone for streaming.', 120, 'https://pixabay.com/photos/microphone-mixer-cable-jack-2618102/', '6ee962cb-04ad-42dc-a923-22b60d743c27', '191e8bea-7419-4b91-b31c-96a948e3d0a7');
INSERT INTO product (id, name, description, price, image, category_id, condition_id) VALUES ('e1c13a13-71c3-42a8-9b76-3680fd90e712', 'Orbit Swivel Chair', 'Modern swivel chair with ergonomic design.', 180, 'https://pixabay.com/photos/office-chair-furniture-room-table-3620197/', '66fef740-b6e5-4474-8f2b-a03d0bb0ac13', '5a324837-caf3-41b4-9a79-322533e69515');
INSERT INTO product (id, name, description, price, image, category_id, condition_id) VALUES ('858af888-cd59-4a05-9c4d-94ead1a71385', 'Winter Bliss Scarf', 'Soft, knitted winter scarf in various colors.', 30, 'https://pixabay.com/photos/knit-scarf-strickliesel-2099027/', 'c07841f8-53d4-4ab7-b813-890125d2fed4', '5a324837-caf3-41b4-9a79-322533e69515');
INSERT INTO product (id, name, description, price, image, category_id, condition_id) VALUES ('3627733f-0318-46e0-a516-395ec925d4c2', 'Dragon Plush Toy', 'Cuddly dragon plush toy for children.', 25, 'https://pixabay.com/photos/dragon-doll-toy-stuffed-animal-1616554/', '35835fdf-3942-47f5-970a-9abdb38f3430', '5a324837-caf3-41b4-9a79-322533e69515');
INSERT INTO product (id, name, description, price, image, category_id, condition_id) VALUES ('78b9609d-daf7-47df-aa78-a31e6238033b', 'Opera Night Extravaganza', 'Premium tickets to the Carmen opera night.', 90, 'https://pixabay.com/photos/berlin-opera-concert-hall-314254/', '773a2740-c050-41e6-b2b9-ed67eb2bbe51', '5a324837-caf3-41b4-9a79-322533e69515');
INSERT INTO product (id, name, description, price, image, category_id, condition_id) VALUES ('ba67663e-fb10-4d4c-96b3-09c1b902e5c1', 'VR Headset Adventure', 'Immersive virtual reality headset for gaming.', 200, 'https://pixabay.com/photos/virtual-reality-oculus-technology-2229924/', '6ee962cb-04ad-42dc-a923-22b60d743c27', '191e8bea-7419-4b91-b31c-96a948e3d0a7');
INSERT INTO product (id, name, description, price, image, category_id, condition_id) VALUES ('4bd8d21b-61d6-44b2-b3ad-df7ad073a850', 'Luminous Bedside Lamp', 'Contemporary bedside lamp with adjustable brightness.', 50, 'https://pixabay.com/photos/lamp-light-lighting-idea-bulb-1667331/', '66fef740-b6e5-4474-8f2b-a03d0bb0ac13', '191e8bea-7419-4b91-b31c-96a948e3d0a7');
INSERT INTO product (id, name, description, price, image, category_id, condition_id) VALUES ('32b61cdb-00c5-4d37-972a-fe1f7cce77fb', 'Trail Explorer Boots', 'Durable hiking boots suitable for all terrains.', 100, 'https://pixabay.com/photos/shoes-hiking-shoes-hiking-walking-566728/', 'c07841f8-53d4-4ab7-b813-890125d2fed4', '5a324837-caf3-41b4-9a79-322533e69515');
INSERT INTO product (id, name, description, price, image, category_id, condition_id) VALUES ('16447998-b211-4333-ad18-578390dae12c', 'Galaxy Puzzle 1000', '1000-piece jigsaw puzzle of the galaxy.', 35, 'https://pixabay.com/photos/puzzle-money-business-finance-2500333/', '35835fdf-3942-47f5-970a-9abdb38f3430', '5a324837-caf3-41b4-9a79-322533e69515');
INSERT INTO product (id, name, description, price, image, category_id, condition_id) VALUES ('7682bbf8-b86e-4bc0-b8b8-c43ae2077b59', 'Tech Conference 2023', 'Access pass to the International Tech Conference 2023.', 250, 'https://pixabay.com/photos/concert-confetti-party-event-2527495/', '773a2740-c050-41e6-b2b9-ed67eb2bbe51', '191e8bea-7419-4b91-b31c-96a948e3d0a7');
INSERT INTO product (id, name, description, price, image, category_id, condition_id) VALUES ('2898386d-6b8c-4748-bc20-e092bf401290', 'Echo Wireless Headphones', 'High-fidelity wireless headphones with ANC.', 85, 'https://pixabay.com/photos/headphones-radio-1950s-15600/', '6ee962cb-04ad-42dc-a923-22b60d743c27', '191e8bea-7419-4b91-b31c-96a948e3d0a7');
INSERT INTO product (id, name, description, price, image, category_id, condition_id) VALUES ('ab8553b9-7625-4172-9ae8-1ff8335b8d64', 'Skyline Office Desk', 'Modern office desk with a minimalist design.', 200, 'https://pixabay.com/photos/office-sit-work-desk-modern-1350989/', '66fef740-b6e5-4474-8f2b-a03d0bb0ac13', '5a324837-caf3-41b4-9a79-322533e69515');
INSERT INTO product (id, name, description, price, image, category_id, condition_id) VALUES ('0ebf7d70-77cf-47ce-87b5-621a52d473fa', 'Summit Hiking Backpack', 'Durable backpack for hiking and outdoor adventures.', 60, 'https://pixabay.com/photos/backpack-hiking-unisex-backpack-1836594/', 'c07841f8-53d4-4ab7-b813-890125d2fed4', '5a324837-caf3-41b4-9a79-322533e69515');
INSERT INTO product (id, name, description, price, image, category_id, condition_id) VALUES ('edc4adc4-103a-44e4-8668-92d590e2bd93', 'Aqua Magic Water Mat', 'Reusable water-drawing mat for kids.', 20, 'https://pixabay.com/photos/children-drawings-baby-paint-4557519/', '35835fdf-3942-47f5-970a-9abdb38f3430', '191e8bea-7419-4b91-b31c-96a948e3d0a7');
INSERT INTO product (id, name, description, price, image, category_id, condition_id) VALUES ('70dab2c0-a39e-4cc0-8ef1-c870a6192112', 'Gourmet Food Expo Pass', 'Entry pass to the international gourmet food expo.', 70, 'https://pixabay.com/photos/ticket-bill-tickets-bills-4063242/', '773a2740-c050-41e6-b2b9-ed67eb2bbe51', '191e8bea-7419-4b91-b31c-96a948e3d0a7');
INSERT INTO product (id, name, description, price, image, category_id, condition_id) VALUES ('cbef99fb-c4a0-4b3b-ba62-c9c17463312c', 'Solar Power Bank', 'Portable solar-powered charger.', 40, 'https://pixabay.com/photos/solar-panel-array-power-sun-1591356/', '6ee962cb-04ad-42dc-a923-22b60d743c27', '5a324837-caf3-41b4-9a79-322533e69515');
INSERT INTO product (id, name, description, price, image, category_id, condition_id) VALUES ('6561962a-c07c-4282-b447-59b7a0cf0578', 'Moonlight Floor Lamp', 'Elegant floor lamp with adjustable lighting.', 110, 'https://pixabay.com/photos/lamp-furniture-contemporary-light-1031149/', '66fef740-b6e5-4474-8f2b-a03d0bb0ac13', '191e8bea-7419-4b91-b31c-96a948e3d0a7');
INSERT INTO product (id, name, description, price, image, category_id, condition_id) VALUES ('dfd425ce-61ea-4aa6-9fdc-e9131a724733', 'Urban Leather Jacket', 'Stylish leather jacket for urban fashion.', 150, 'https://pixabay.com/photos/leather-jacket-clothing-leather-619064/', 'c07841f8-53d4-4ab7-b813-890125d2fed4', '5a324837-caf3-41b4-9a79-322533e69515');
INSERT INTO product (id, name, description, price, image, category_id, condition_id) VALUES ('136ef4a1-68dc-467a-b1fa-0cfa1904095f', 'Miniature Racing Set', 'Slot car racing set for kids and enthusiasts.', 45, 'https://pixabay.com/photos/game-toy-car-children-play-3049861/', '35835fdf-3942-47f5-970a-9abdb38f3430', '5a324837-caf3-41b4-9a79-322533e69515');
INSERT INTO product (id, name, description, price, image, category_id, condition_id) VALUES ('f6843c7e-f929-45ca-9f62-09e5596b8ed8', 'Jazz & Blues Night', 'Ticket to an exclusive jazz and blues music night.', 50, 'https://pixabay.com/photos/piano-music-score-music-sheet-1655558/', '773a2740-c050-41e6-b2b9-ed67eb2bbe51', '191e8bea-7419-4b91-b31c-96a948e3d0a7');
INSERT INTO product (id, name, description, price, image, category_id, condition_id) VALUES ('f0e1f2d3-2da2-4a80-8cca-af0936894cf7', 'Compact Drone with Camera', 'Lightweight drone with HD camera for photography.', 120, 'https://pixabay.com/photos/drone-uav-quadrocopter-4472016/', '6ee962cb-04ad-42dc-a923-22b60d743c27', '191e8bea-7419-4b91-b31c-96a948e3d0a7');
INSERT INTO product (id, name, description, price, image, category_id, condition_id) VALUES ('88beec96-3468-4921-a27d-b79742d4de77', 'Bamboo Bookstand', 'Eco-friendly bookstand made from bamboo.', 35, 'https://pixabay.com/photos/book-book-gift-by-heart-1421097/', '66fef740-b6e5-4474-8f2b-a03d0bb0ac13', '191e8bea-7419-4b91-b31c-96a948e3d0a7');
INSERT INTO product (id, name, description, price, image, category_id, condition_id) VALUES ('904f9e8c-007e-45b0-953c-b6e9b5c48024', 'Active Yoga Mat', 'Non-slip yoga mat for fitness enthusiasts.', 25, 'https://pixabay.com/photos/yoga-outdoor-w', 'c07841f8-53d4-4ab7-b813-890125d2fed4', '191e8bea-7419-4b91-b31c-96a948e3d0a7');
INSERT INTO product (id, name, description, price, image, category_id, condition_id) VALUES ('ab9b20df-8b62-46c1-b23e-ff16e41dc584', 'Mini Drone Explorer', 'Compact drone with HD camera and easy controls.', 90, 'https://pixabay.com/photos/drone-multicopter-dji-791392/', '6ee962cb-04ad-42dc-a923-22b60d743c27', '5a324837-caf3-41b4-9a79-322533e69515');
INSERT INTO product (id, name, description, price, image, category_id, condition_id) VALUES ('86705df0-a25c-4d0e-aae6-3b755c67422d', 'Arctic Office Chair', 'Ergonomic office chair with breathable mesh.', 140, 'https://pixabay.com/photos/office-chair-furniture-seat-chair-4480848/', '66fef740-b6e5-4474-8f2b-a03d0bb0ac13', '5a324837-caf3-41b4-9a79-322533e69515');
INSERT INTO product (id, name, description, price, image, category_id, condition_id) VALUES ('d2bfecc3-6153-4d0b-a54a-50a16d3523d5', 'Urban Backpack', 'Stylish, durable backpack for city commuters.', 70, 'https://pixabay.com/photos/backpack-bag-travel-mountains-1836594/', 'c07841f8-53d4-4ab7-b813-890125d2fed4', '5a324837-caf3-41b4-9a79-322533e69515');
INSERT INTO product (id, name, description, price, image, category_id, condition_id) VALUES ('069b29ac-7dac-479f-995c-1f8abbc0bb03', 'Electric Train Set', 'Realistic electric train set for kids and enthusiasts.', 55, 'https://pixabay.com/photos/train-toy-colorful-toy-train-3169969/', '35835fdf-3942-47f5-970a-9abdb38f3430', '5a324837-caf3-41b4-9a79-322533e69515');
INSERT INTO product (id, name, description, price, image, category_id, condition_id) VALUES ('c70135ad-3e43-46d5-85f9-009978294114', 'Culinary Workshop Pass', 'Entry to a weekend culinary workshop.', 120, 'https://pixabay.com/photos/cooking-course-cooking-school-647580/', '773a2740-c050-41e6-b2b9-ed67eb2bbe51', '191e8bea-7419-4b91-b31c-96a948e3d0a7');
INSERT INTO product (id, name, description, price, image, category_id, condition_id) VALUES ('285b4be3-379d-417f-bc39-bf7d800784c1', 'Waterproof Bluetooth Speaker', 'Portable, waterproof speaker for outdoor use.', 60, 'https://pixabay.com/photos/speaker-bluetooth-audio-4178808/', '6ee962cb-04ad-42dc-a923-22b60d743c27', '5a324837-caf3-41b4-9a79-322533e69515');
INSERT INTO product (id, name, description, price, image, category_id, condition_id) VALUES ('2e0d844a-bae9-4fb3-94f0-8570afa1f183', 'Retro Nightstand', 'Vintage-style nightstand with oak finish.', 80, 'https://pixabay.com/photos/bedroom-bed-side-table-1078889/', '66fef740-b6e5-4474-8f2b-a03d0bb0ac13', '5a324837-caf3-41b4-9a79-322533e69515');
INSERT INTO product (id, name, description, price, image, category_id, condition_id) VALUES ('433b7e85-8c69-4ebf-8e38-92f1767a12d3', 'Fitness Yoga Mat', 'Eco-friendly, non-slip yoga mat for fitness enthusiasts.', 35, 'https://pixabay.com/photos/yoga-fitness-exercise-health-2959216/', 'c07841f8-53d4-4ab7-b813-890125d2fed4', '5a324837-caf3-41b4-9a79-322533e69515');
INSERT INTO product (id, name, description, price, image, category_id, condition_id) VALUES ('c7813d2f-4816-4b9a-8542-77afc702ccb5', 'Build-Your-Robot Kit', 'DIY robot building kit for children.', 45, 'https://pixabay.com/photos/robot-diy-kit-building-2383804/', '35835fdf-3942-47f5-970a-9abdb38f3430', '5a324837-caf3-41b4-9a79-322533e69515');
INSERT INTO product (id, name, description, price, image, category_id, condition_id) VALUES ('5b895f82-e4ab-4488-bda2-393da8c0892f', 'Aquarium Family Pass', 'Family pass for a day at the marine aquarium.', 75, 'https://pixabay.com/photos/fish-aquarium-tank-water-1282410/', '773a2740-c050-41e6-b2b9-ed67eb2bbe51', '5a324837-caf3-41b4-9a79-322533e69515');
INSERT INTO product (id, name, description, price, image, category_id, condition_id) VALUES ('829c728b-942a-487b-9ef7-ce7db17b151e', 'E-Book Reader Classic', 'Lightweight e-book reader with e-ink display.', 110, 'https://pixabay.com/photos/ereader-tablet-ebook-digital-book-329798', '6ee962cb-04ad-42dc-a923-22b60d743c27', '5a324837-caf3-41b4-9a79-322533e69515');
INSERT INTO product (id, name, description, price, image, category_id, condition_id) VALUES ('3ebc28eb-4349-4fd3-bcbf-4971d7a81fd6', 'EchoSound Headphones', 'Over-ear noise-canceling headphones.', 85, 'https://pixabay.com/photos/headphones-headset-music-work-2557593/', '6ee962cb-04ad-42dc-a923-22b60d743c27', '191e8bea-7419-4b91-b31c-96a948e3d0a7');
INSERT INTO product (id, name, description, price, image, category_id, condition_id) VALUES ('e1102742-5626-4a32-a022-eb1f3efffe66', 'Oasis Hammock', 'Outdoor hammock with stand, perfect for relaxation.', 110, 'https://pixabay.com/photos/hammock-relaxing-leisure-summer-820010/', '66fef740-b6e5-4474-8f2b-a03d0bb0ac13', '191e8bea-7419-4b91-b31c-96a948e3d0a7');
INSERT INTO product (id, name, description, price, image, category_id, condition_id) VALUES ('bcd35d2e-5428-4a76-9e26-5aa9a8269109', 'EchoSound Headphones', 'Over-ear noise-canceling headphones.', 85, 'https://pixabay.com/photos/headphones-headset-music-work-2557593/', '6ee962cb-04ad-42dc-a923-22b60d743c27', '191e8bea-7419-4b91-b31c-96a948e3d0a7');
INSERT INTO product (id, name, description, price, image, category_id, condition_id) VALUES ('c53088a6-70fc-44f3-9c7a-63b0e174635e', 'Oasis Hammock', 'Outdoor hammock with stand, perfect for relaxation.', 110, 'https://pixabay.com/photos/hammock-relaxing-leisure-summer-820010/', '66fef740-b6e5-4474-8f2b-a03d0bb0ac13', '191e8bea-7419-4b91-b31c-96a948e3d0a7');
INSERT INTO product (id, name, description, price, image, category_id, condition_id) VALUES ('e6f63ae8-cfed-48ca-a88c-21acc196138e', 'Summit Hiking Backpack', '30L durable backpack for hiking and outdoor use.', 60, 'https://pixabay.com/photos/backpack-hiking-tourism-travel-1149544/', 'c07841f8-53d4-4ab7-b813-890125d2fed4', '5a324837-caf3-41b4-9a79-322533e69515');
INSERT INTO product (id, name, description, price, image, category_id, condition_id) VALUES ('b1675a38-aa22-4ef4-aa40-21650c663a33', 'Ocean Explorer Submarine', 'Remote-controlled submarine toy for pool use.', 45, 'https://pixabay.com/photos/u-boat-simulation-model-u-boat-model-3497214/', '35835fdf-3942-47f5-970a-9abdb38f3430', '5a324837-caf3-41b4-9a79-322533e69515');
INSERT INTO product (id, name, description, price, image, category_id, condition_id) VALUES ('9b3206d2-b42f-48f1-a0e2-e4095faf0973', 'Gourmet Food Expo Pass', 'Entry pass to the annual Gourmet Food Expo.', 50, 'https://pixabay.com/photos/admission-coupon-admit-believe-2974645/', '773a2740-c050-41e6-b2b9-ed67eb2bbe51', '5a324837-caf3-41b4-9a79-322533e69515');
INSERT INTO product (id, name, description, price, image, category_id, condition_id) VALUES ('cba19f2a-e3fd-4f9a-9860-c5729f68eb26', 'SkyDrone Pro', '4K camera drone with GPS and auto-return.', 300, 'https://pixabay.com/photos/drone-uav-sky-clouds-quadrocopter-4073933/', '6ee962cb-04ad-42dc-a923-22b60d743c27', '5a324837-caf3-41b4-9a79-322533e69515');
INSERT INTO product (id, name, description, price, image, category_id, condition_id) VALUES ('f06649f5-7346-49f6-b9aa-c3fd29ca6886', 'Twilight Floor Lamp', 'Modern floor lamp with adjustable settings.', 90, 'https://pixabay.com/photos/lamp-lighting-light-fixture-2286924/', '66fef740-b6e5-4474-8f2b-a03d0bb0ac13', '5a324837-caf3-41b4-9a79-322533e69515');
INSERT INTO product (id, name, description, price, image, category_id, condition_id) VALUES ('fb4a4184-05a2-4ea2-a662-483896e74a82', 'Urban Joggers', 'Comfortable and stylish joggers for everyday wear.', 35, 'https://pixabay.com/photos/active-athletic-exercise-fabric-1850927/', 'c07841f8-53d4-4ab7-b813-890125d2fed4', '191e8bea-7419-4b91-b31c-96a948e3d0a7');
INSERT INTO product (id, name, description, price, image, category_id, condition_id) VALUES ('19ee9cf3-7bf6-469e-a9c0-2e4e58958b2f', 'MasterChef Junior Kit', 'Kids cooking set for aspiring young chefs.', 30, 'https://pixabay.com/photos/child-s-cook-child-girl-cook-1937472/', '35835fdf-3942-47f5-970a-9abdb38f3430', '191e8bea-7419-4b91-b31c-96a948e3d0a7');
INSERT INTO product (id, name, description, price, image, category_id, condition_id) VALUES ('b89af26c-b063-4024-98db-c22661d1a5d3', 'Jazz Festival Weekend', 'Weekend tickets to the New Orleans Jazz Festival.', 120, 'https://pixabay.com/photos/concert-crowd-audience-people-768722/', '773a2740-c050-41e6-b2b9-ed67eb2bbe51', '191e8bea-7419-4b91-b31c-96a948e3d0a7');
INSERT INTO product (id, name, description, price, image, category_id, condition_id) VALUES ('048addd0-4ea3-454f-92a8-1933ba0bf07f', 'BeatSync Bluetooth Speaker', 'Compact Bluetooth speaker with dynamic light sync.', 55, 'https://pixabay.com/photos/speakers-speaker-music-sound-1595696/', '6ee962cb-04ad-42dc-a923-22b60d743c27', '5a324837-caf3-41b4-9a79-322533e69515');
INSERT INTO product (id, name, description, price, image, category_id, condition_id) VALUES ('6b4a5842-23e2-4e4b-aa24-7ad641ab9062', 'Serenity Rocking Chair', 'Wooden rocking chair for porch or nursery.', 130, 'https://pixabay.com/photos/rocking-chair-rocking-chair-422197/', '66fef740-b6e5-4474-8f2b-a03d0bb0ac13', '5a324837-caf3-41b4-9a79-322533e69515');
INSERT INTO product (id, name, description, price, image, category_id, condition_id) VALUES ('1fbda055-fb34-4824-b052-eb3b60001614', 'Classic Leather Belt', 'Genuine leather belt, a timeless accessory.', 40, 'https://pixabay.com/photos/leather-belt-buckle-belt-buckle-1633686/', 'c07841f8-53d4-4ab7-b813-890125d2fed4', '5a324837-caf3-41b4-9a79-322533e69515');
INSERT INTO product (id, name, description, price, image, category_id, condition_id) VALUES ('79c9a691-3f67-438b-99f9-78877e11f2f2', 'Build-A-Robot Set', 'DIY robot building kit for kids.', 35, 'https://pixabay.com/photos/robot-mech-machine-technology-507811/', '35835fdf-3942-47f5-970a-9abdb38f3430', '191e8bea-7419-4b91-b31c-96a948e3d0a7');
INSERT INTO product (id, name, description, price, image, category_id, condition_id) VALUES ('9d62aec0-cfce-4131-a9d0-a50fc802b707', 'Vineyard Tour and Tasting', 'Guided tour and wine tasting at a renowned vineyard.', 70, 'https://pixabay.com/photos/wine-glass-white-grapes-vineyard-1761613/', '773a2740-c050-41e6-b2b9-ed67eb2bbe51', '5a324837-caf3-41b4-9a79-322533e69515');
INSERT INTO product (id, name, description, price, image, category_id, condition_id) VALUES ('2042cd83-8773-4b54-a7ed-280a5068e500', 'NightVision Camcorder', 'Camcorder with night vision capability for vlogging.', 220, 'https://pixabay.com/photos/camera-digital-camera-dslr-159862/', '6ee962cb-04ad-42dc-a923-22b60d743c27', '5a324837-caf3-41b4-9a79-322533e69515');
INSERT INTO product (id, name, description, price, image, category_id, condition_id) VALUES ('ba37de19-a968-4288-8ca6-23ff0bae5826', 'Moonlight Wall Shelves', 'Set of three crescent moon-shaped wall shelves.', 65, 'https://pixabay.com/photos/interior-shelf-shelves-wall-wall-shelf-3481037/', '66fef740-b6e5-4474-8f2b-a03d0bb0ac13', '5a324837-caf3-41b4-9a79-322533e69515');
INSERT INTO product (id, name, description, price, image, category_id, condition_id) VALUES ('c0c96fa7-853e-491d-a3c7-b87fa8d745cb', 'Safari Vest', 'Multi-pocket vest for outdoor adventures.', 50, 'https://pixabay.com/photos/fishing-vest-life-jacket-outdoors-1445631/', 'c07841f8-53d4-4ab7-b813-890125d2fed4', '5a324837-caf3-41b4-9a79-322533e69515');
INSERT INTO product (id, name, description, price, image, category_id, condition_id) VALUES ('fe2046a0-fbed-4a5f-859e-19d8645eb833', 'Miniature Dollhouse', 'Detailed miniature dollhouse with furnishings.', 80, 'https://pixabay.com/photos/dollhouse-miniature-mini-room-3330122/', '35835fdf-3942-47f5-970a-9abdb38f3430', '5a324837-caf3-41b4-9a79-322533e69515');
INSERT INTO product (id, name, description, price, image, category_id, condition_id) VALUES ('862bc8ef-d885-4670-8c32-2fa03776ce76', 'Broadway Show "Eclipse"', 'Tickets to the hit Broadway show "Eclipse."', 100, 'https://pixabay.com/photos/theater-cinema-audience-performance-602986/', '773a2740-c050-41e6-b2b9-ed67eb2bbe51', '191e8bea-7419-4b91-b31c-96a948e3d0a7');
INSERT INTO product (id, name, description, price, image, category_id, condition_id) VALUES ('d2dee13a-545a-496b-9b3d-059734802595', 'Compact Solar Charger', 'Portable solar charger for phones and tablets.', 35, 'https://pixabay.com/photos/solar-panel-array-power-sun-electricity-1591357/', '6ee962cb-04ad-42dc-a923-22b60d743c27', '5a324837-caf3-41b4-9a79-322533e69515');
INSERT INTO product (id, name, description, price, image, category_id, condition_id) VALUES ('5d56e539-adff-4f20-aaed-0621213279ea', 'Zen Water Fountain', 'Indoor water fountain for relaxation and ambiance.', 75, 'https://pixabay.com/photos/fountain-water-flow-splashing-3523539/', '66fef740-b6e5-4474-8f2b-a03d0bb0ac13', '191e8bea-7419-4b91-b31c-96a948e3d0a7');
INSERT INTO product (id, name, description, price, image, category_id, condition_id) VALUES ('37319b92-f308-477d-adf4-bd5380cccefe', 'Fitness Leggings', 'High-performance leggings for gym and yoga.', 25, 'https://pixabay.com/photos/yoga-outdoor-woman-pose-young-2176668/', 'c07841f8-53d4-4ab7-b813-890125d2fed4', '191e8bea-7419-4b91-b31c-96a948e3d0a7');
INSERT INTO product (id, name, description, price, image, category_id, condition_id) VALUES ('06ce661d-078f-401e-9777-cfdf90767f23', 'Space Rocket Playset', 'Space-themed playset with rocket and astronauts.', 40, 'https://pixabay.com/photos/rocket-toy-childhood-play-toy-1209695/', '35835fdf-3942-47f5-970a-9abdb38f3430', '5a324837-caf3-41b4-9a79-322533e69515');
INSERT INTO product (id, name, description, price, image, category_id, condition_id) VALUES ('4cbbbe1d-5397-4b50-9433-7ae7b50dfd3f', 'Art Workshop Entry', 'Ticket for a hands-on art and creativity workshop.', 60, 'https://pixabay.com/photos/paint-arts-artist-creative-316598/', '773a2740-c050-41e6-b2b9-ed67eb2bbe51', '5a324837-caf3-41b4-9a79-322533e69515');
INSERT INTO product (id, name, description, price, image, category_id, condition_id) VALUES ('d98bb63f-12f6-4046-aa91-1d7ff83cecf5', 'Smart Weather Station', 'Wireless weather station with smartphone integration.', 75, 'https://pixabay.com/photos/weather-station-meteorology-158784/', '6ee962cb-04ad-42dc-a923-22b60d743c27', '5a324837-caf3-41b4-9a79-322533e69515');
INSERT INTO product (id, name, description, price, image, category_id, condition_id) VALUES ('f0e9f2ef-dc63-412b-9c1f-7f01b5331361', 'Compact Corner Desk', 'Space-saving corner desk for small home offices.', 100, 'https://pixabay.com/photos/office-desk-smartphone-desk-workspace-336373/', '66fef740-b6e5-4474-8f2b-a03d0bb0ac13', '191e8bea-7419-4b91-b31c-96a948e3d0a7');
INSERT INTO product (id, name, description, price, image, category_id, condition_id) VALUES ('e4c6257b-dfd8-404e-b901-4b9d87dfe67d', 'Thermal Windbreaker', 'Lightweight, thermal-lined windbreaker for outdoor use.', 65, 'https://pixabay.com/photos/jacket-clothing-fashion-man-2580422/', 'c07841f8-53d4-4ab7-b813-890125d2fed4', '5a324837-caf3-41b4-9a79-322533e69515');
INSERT INTO product (id, name, description, price, image, category_id, condition_id) VALUES ('9a5a743b-a5c7-4b26-a4db-54a72fc40422', 'Magnetic Building Blocks', 'Set of colorful magnetic building blocks for kids.', 30, 'https://pixabay.com/photos/magnet-colors-toys-game-blocks-1556797/', '35835fdf-3942-47f5-970a-9abdb38f3430', '5a324837-caf3-41b4-9a79-322533e69515');
INSERT INTO product (id, name, description, price, image, category_id, condition_id) VALUES ('00a5e8bf-613a-4fd5-8116-c36f18f28fd5', 'Aquarium Day Pass', 'Day pass for family fun at the city aquarium.', 40, 'https://pixabay.com/photos/jellyfish-aquarium-underwater-4783730/', '773a2740-c050-41e6-b2b9-ed67eb2bbe51', '5a324837-caf3-41b4-9a79-322533e69515');
INSERT INTO product (id, name, description, price, image, category_id, condition_id) VALUES ('9be19728-9c9d-470c-bf2c-d855bda62151', 'Wireless Charging Pad', 'Sleek and fast wireless charging pad for smartphones.', 25, 'https://pixabay.com/photos/charger-mobile-phone-charging-1834229/', '6ee962cb-04ad-42dc-a923-22b60d743c27', '191e8bea-7419-4b91-b31c-96a948e3d0a7');
INSERT INTO product (id, name, description, price, image, category_id, condition_id) VALUES ('6b96e6bd-4ba0-4b8f-9698-9fda46af6c89', 'Vintage Nightstand', 'Classic wooden nightstand with a vintage look.', 80, 'https://pixabay.com/photos/bedroom-bed-side-table-flower-2297200/', '66fef740-b6e5-4474-8f2b-a03d0bb0ac13', '5a324837-caf3-41b4-9a79-322533e69515');
INSERT INTO product (id, name, description, price, image, category_id, condition_id) VALUES ('85a5bc5f-0b11-4d77-92a4-98bf1bc0d854', 'Eco Yoga Mat', 'Eco-friendly, non-slip yoga mat in various colors.', 35, 'https://pixabay.com/photos/yoga-exercise-fitness-woman-health-3053488/', 'c07841f8-53d4-4ab7-b813-890125d2fed4', '5a324837-caf3-41b4-9a79-322533e69515');
INSERT INTO product (id, name, description, price, image, category_id, condition_id) VALUES ('53baa137-dd9d-4a58-af1c-94e148122a20', 'Talking Parrot Plush', 'Interactive plush parrot that mimics speech.', 20, 'https://pixabay.com/photos/parrot-bird-animals-feather-710141/', '35835fdf-3942-47f5-970a-9abdb38f3430', '5a324837-caf3-41b4-9a79-322533e69515');
INSERT INTO product (id, name, description, price, image, category_id, condition_id) VALUES ('17a653fc-9027-4b7a-8c7c-6b8a960dcce4', 'Pocket Power Solar Charger', 'Compact solar charger for on-the-go device charging.', 30, 'https://pixabay.com/photos/solar-panel-array-power-sun-electricity-1591357/', '6ee962cb-04ad-42dc-a923-22b60d743c27', '191e8bea-7419-4b91-b31c-96a948e3d0a7');
INSERT INTO product (id, name, description, price, image, category_id, condition_id) VALUES ('b1fc46fb-c557-4071-9399-ec42bdf22476', 'Rustic Bookcase', 'Wooden bookcase with a rustic finish.', 120, 'https://pixabay.com/photos/bookcase-books-data-library-1840467/', '66fef740-b6e5-4474-8f2b-a03d0bb0ac13', '191e8bea-7419-4b91-b31c-96a948e3d0a7');
INSERT INTO product (id, name, description, price, image, category_id, condition_id) VALUES ('53c62cdb-5e8d-4059-83e8-4a7d41091729', 'Running Compression Shorts', 'High-performance compression shorts for running.', 25, 'https://pixabay.com/photos/shorts-legs-sexy-beautiful-518261/', 'c07841f8-53d4-4ab7-b813-890125d2fed4', '191e8bea-7419-4b91-b31c-96a948e3d0a7');
INSERT INTO product (id, name, description, price, image, category_id, condition_id) VALUES ('59d76498-1137-4314-a8a2-9637d123ab0b', 'Electric Train Set', 'Model electric train set with tracks.', 50, 'https://pixabay.com/photos/model-train-train-model-miniature-2589937/', '35835fdf-3942-47f5-970a-9abdb38f3430', '191e8bea-7419-4b91-b31c-96a948e3d0a7');
INSERT INTO product (id, name, description, price, image, category_id, condition_id) VALUES ('8affebb4-fcae-45c0-a719-a6583d8c49d7', 'Hot Air Balloon Ride', 'Ticket for a scenic hot air balloon ride.', 150, 'https://pixabay.com/photos/balloon-hot-air-balloon-ride-1209842/', '773a2740-c050-41e6-b2b9-ed67eb2bbe51', '191e8bea-7419-4b91-b31c-96a948e3d0a7');
INSERT INTO product (id, name, description, price, image, category_id, condition_id) VALUES ('1e33bba3-cb05-4c66-9f76-572a2eaad15a', 'Retro Gaming Console', 'Vintage-style gaming console with preloaded games.', 60, 'https://pixabay.com/photos/game-remote-gamer-video-2294201/', '6ee962cb-04ad-42dc-a923-22b60d743c27', '5a324837-caf3-41b4-9a79-322533e69515');
INSERT INTO product (id, name, description, price, image, category_id, condition_id) VALUES ('0813598a-d7d5-43c5-a66d-8ef9c94d5b7a', 'Adjustable Standing Desk', 'Ergonomic standing desk with height adjustment.', 200, 'https://pixabay.com/photos/stand-up-desk-workspace-office-791464/', '66fef740-b6e5-4474-8f2b-a03d0bb0ac13', '5a324837-caf3-41b4-9a79-322533e69515');
INSERT INTO product (id, name, description, price, image, category_id, condition_id) VALUES ('d52edb72-8c5e-4d2e-b432-b15f9e1cc1b3', 'Waterproof Cycling Jacket', 'Lightweight, waterproof jacket for cycling.', 70, 'https://pixabay.com/photos/rain-jacket-outdoor-rainproof-4987360/', 'c07841f8-53d4-4ab7-b813-890125d2fed4', '5a324837-caf3-41b4-9a79-322533e69515');
INSERT INTO product (id, name, description, price, image, category_id, condition_id) VALUES ('c2a71586-55ca-4148-abd4-916925d07a0b', 'Dinosaur Fossil Dig Kit', 'Excavation kit for digging up dinosaur fossils.', 20, 'https://pixabay.com/photos/dinosaur-archaeology-fossil-archeology-3670355/', '35835fdf-3942-47f5-970a-9abdb38f3430', '5a324837-caf3-41b4-9a79-322533e69515');
INSERT INTO product (id, name, description, price, image, category_id, condition_id) VALUES ('4c5703d1-b683-40ab-afea-ac763bb845f3', 'Luxury Spa Day Pass', 'Day pass for a luxury spa experience.', 90, 'https://pixabay.com/photos/wellness-massage-relax-relaxing-285587/', '773a2740-c050-41e6-b2b9-ed67eb2bbe51', '191e8bea-7419-4b91-b31c-96a948e3d0a7');
INSERT INTO product (id, name, description, price, image, category_id, condition_id) VALUES ('730168ce-e04b-4c29-8c0d-a080a4b773d6', 'Smart Home Security Camera', 'Wi-Fi-enabled home security camera with app control.', 80, 'https://pixabay.com/photos/camera-monitoring-security-cam-1584716/', '6ee962cb-04ad-42dc-a923-22b60d743c27', '5a324837-caf3-41b4-9a79-322533e69515');
INSERT INTO product (id, name, description, price, image, category_id, condition_id) VALUES ('fcb73a5e-a42e-4615-8c2e-3dfe4ac67427', 'Bamboo Bath Caddy', 'Expandable bamboo caddy for bathtime convenience.', 35, 'https://pixabay.com/photos/bath-tub-bamboo-bathroom-bath-2533336/', '66fef740-b6e5-4474-8f2b-a03d0bb0ac13', '5a324837-caf3-41b4-9a79-322533e69515');
INSERT INTO product (id, name, description, price, image, category_id, condition_id) VALUES ('7e382d2c-b6ae-4709-aaa8-c4ae20ee034c', 'Leather Messenger Bag', 'Stylish leather messenger bag for everyday use.', 90, 'https://pixabay.com/photos/briefcase-leather-bag-leather-case-1850912/', 'c07841f8-53d4-4ab7-b813-890125d2fed4', '191e8bea-7419-4b91-b31c-96a948e3d0a7');
INSERT INTO product (id, name, description, price, image, category_id, condition_id) VALUES ('5c48ae13-8224-497c-9d8c-54e6150c2595', 'Interactive Globe', 'Educational globe with interactive features for kids.', 45, 'https://pixabay.com/photos/globe-world-map-earth-geography-110775/', '35835fdf-3942-47f5-970a-9abdb38f3430', '5a324837-caf3-41b4-9a79-322533e69515');
INSERT INTO product (id, name, description, price, image, category_id, condition_id) VALUES ('37a5d231-3503-4119-a424-3405034b44ab', 'Guided Mountain Hiking Tour', 'Guided hiking tour in the scenic mountain range.', 65, 'https://pixabay.com/photos/mountain-climbing-mountain-climber-455338/', '773a2740-c050-41e6-b2b9-ed67eb2bbe51', '5a324837-caf3-41b4-9a79-322533e69515');
INSERT INTO product (id, name, description, price, image, category_id, condition_id) VALUES ('b36d2421-7440-4df4-93c1-df34436367e1', 'Bluetooth Vinyl Record Player', 'Vintage-style record player with Bluetooth capability.', 100, 'https://pixabay.com/photos/turntable-vinyl-retro-vintage-music-1337986/', '6ee962cb-04ad-42dc-a923-22b60d743c27', '5a324837-caf3-41b4-9a79-322533e69515');
INSERT INTO product (id, name, description, price, image, category_id, condition_id) VALUES ('24e28c19-94fe-43a6-95c6-2cb52bedd808', 'Minimalist Wall Clock', 'Sleek and modern wall clock with a minimalist design.', 40, 'https://pixabay.com/photos/clock-wall-clock-watch-time-old-1274699/', '66fef740-b6e5-4474-8f2b-a03d0bb0ac13', '191e8bea-7419-4b91-b31c-96a948e3d0a7');

INSERT INTO item (id, name, description, price, image, category_id, condition_id) VALUES ('67bda2f4-283e-44b4-9f3e-dd98f4a1d63c', 'SonicBoom Speaker', 'Portable Bluetooth speaker with high-quality sound.', 45, 'https://pixabay.com/photos/speaker-loudspeaker-audio-music-1595695/', '6ee962cb-04ad-42dc-a923-22b60d743c27', '191e8bea-7419-4b91-b31c-96a948e3d0a7');
INSERT INTO item (id, name, description, price, image, category_id, condition_id) VALUES ('ead131c2-4a9b-4c83-afd6-c8292ddb1e47', 'ComfyStudy Chair', 'Ergonomic office chair with lumbar support.', 120, 'https://pixabay.com/photos/office-sitting-room-executive-sitting-730681/', '66fef740-b6e5-4474-8f2b-a03d0bb0ac13', '5a324837-caf3-41b4-9a79-322533e69515');
INSERT INTO item (id, name, description, price, image, category_id, condition_id) VALUES ('4c0a0aa8-401c-4799-8b39-f05607a2a6a5', 'Trailblazer Jacket', 'Waterproof and windproof outdoor jacket.', 60, 'https://pixabay.com/photos/jacket-clothing-men-s-fashion-743399/', 'c07841f8-53d4-4ab7-b813-890125d2fed4', '191e8bea-7419-4b91-b31c-96a948e3d0a7');
INSERT INTO item (id, name, description, price, image, category_id, condition_id) VALUES ('a570b945-665d-42e4-bf47-2ef719b4c3b8', 'PuzzleMaster 500', '500-piece jigsaw puzzle with vibrant artwork.', 20, 'https://pixabay.com/photos/puzzle-play-piecing-together-673250/', '35835fdf-3942-47f5-970a-9abdb38f3430', '191e8bea-7419-4b91-b31c-96a948e3d0a7');
INSERT INTO item (id, name, description, price, image, category_id, condition_id) VALUES ('8789a1e8-a175-4141-9d46-cf3626627d58', 'ConcertPass Deluxe', 'Ticket to the Summer Music Fest, VIP Access.', 150, 'https://pixabay.com/photos/ticket-concert-invitation-pass-466925/', '773a2740-c050-41e6-b2b9-ed67eb2bbe51', '191e8bea-7419-4b91-b31c-96a948e3d0a7');
INSERT INTO item (id, name, description, price, image, category_id, condition_id) VALUES ('d5b307ca-9cdc-459c-b21c-ab8d20b205f1', 'Galaxy Earbuds', 'Wireless earbuds with noise cancellation.', 80, 'https://pixabay.com/photos/headphones-headset-music-audio-3387931/', '6ee962cb-04ad-42dc-a923-22b60d743c27', '5a324837-caf3-41b4-9a79-322533e69515');
INSERT INTO item (id, name, description, price, image, category_id, condition_id) VALUES ('105fa621-042d-47c4-8deb-69e23f24af77', 'ZenBookshelf', 'Minimalist wooden bookshelf.', 150, 'https://pixabay.com/photos/bookshelf-furniture-design-wooden-3532950/', '66fef740-b6e5-4474-8f2b-a03d0bb0ac13', '5a324837-caf3-41b4-9a79-322533e69515');
INSERT INTO item (id, name, description, price, image, category_id, condition_id) VALUES ('a3b0d439-f8a3-46d1-bfae-555d1106d31d', 'Vintage Denim', 'Classic vintage style denim jeans.', 50, 'https://pixabay.com/photos/jeans-pants-blue-shop-428614/', 'c07841f8-53d4-4ab7-b813-890125d2fed4', '191e8bea-7419-4b91-b31c-96a948e3d0a7');
INSERT INTO item (id, name, description, price, image, category_id, condition_id) VALUES ('a5e9ff02-79ff-4546-b4b6-fb57f462d5b5', 'RoboDino', 'Interactive robotic dinosaur toy.', 30, 'https://pixabay.com/photos/toy-dinosaur-toy-figure-figurine-2384689/', '35835fdf-3942-47f5-970a-9abdb38f3430', '5a324837-caf3-41b4-9a79-322533e69515');
INSERT INTO item (id, name, description, price, image, category_id, condition_id) VALUES ('67444d30-ebcb-4da2-adc2-360c64d6263e', 'ArtGallery Pass', 'One-day pass to the Grand Art Gallery.', 25, 'https://pixabay.com/photos/ticket-admission-admit-entrance-1092173/', '773a2740-c050-41e6-b2b9-ed67eb2bbe51', '5a324837-caf3-41b4-9a79-322533e69515');
INSERT INTO item (id, name, description, price, image, category_id, condition_id) VALUES ('3d884170-adb8-4823-9819-e2570269d10d', 'ProCam X100', 'Professional digital camera with 4K support.', 500, 'https://pixabay.com/photos/camera-digital-camera-dslr-159862/', '6ee962cb-04ad-42dc-a923-22b60d743c27', '191e8bea-7419-4b91-b31c-96a948e3d0a7');
INSERT INTO item (id, name, description, price, image, category_id, condition_id) VALUES ('ac7c13da-6682-4086-9820-7e54ef857f96', 'DreamyNight Bed', 'Queen size bed with memory foam mattress.', 400, 'https://pixabay.com/photos/bed-bedroom-blanket-clean-1839183/', '66fef740-b6e5-4474-8f2b-a03d0bb0ac13', '191e8bea-7419-4b91-b31c-96a948e3d0a7');
INSERT INTO item (id, name, description, price, image, category_id, condition_id) VALUES ('e18f2fb5-d152-4520-87c7-3cc1a00eca54', 'SunHat Elegance', 'Wide-brimmed sun hat for summer days.', 25, 'https://pixabay.com/photos/hat-fashion-style-happy-sunhat-829491/', 'c07841f8-53d4-4ab7-b813-890125d2fed4', '5a324837-caf3-41b4-9a79-322533e69515');
INSERT INTO item (id, name, description, price, image, category_id, condition_id) VALUES ('00056d5a-a6b9-48ca-a2d9-df487e08eef3', 'SpeedRacer Car', 'Remote-controlled race car.', 35, 'https://pixabay.com/photos/rc-car-remote-control-terrain-auto-4787539/', '35835fdf-3942-47f5-970a-9abdb38f3430', '5a324837-caf3-41b4-9a79-322533e69515');
INSERT INTO item (id, name, description, price, image, category_id, condition_id) VALUES ('090c2bc0-a7c5-44c3-b513-7209e17eb221', 'SciFi Convention Entry', 'Ticket to the annual Sci-Fi & Fantasy Convention.', 40, 'https://pixabay.com/photos/ticket-roll-admission-tickets-315079/', '773a2740-c050-41e6-b2b9-ed67eb2bbe51', '5a324837-caf3-41b4-9a79-322533e69515');
INSERT INTO item (id, name, description, price, image, category_id, condition_id) VALUES ('c5d70692-9435-4b51-b624-16d200644339', 'QuickCharge Power Bank', 'High-capacity portable charger.', 30, 'https://pixabay.com/photos/power-bank-charger-mobile-4782021/', '6ee962cb-04ad-42dc-a923-22b60d743c27', '191e8bea-7419-4b91-b31c-96a948e3d0a7');
INSERT INTO item (id, name, description, price, image, category_id, condition_id) VALUES ('b0f6e577-997a-4342-bb42-7cc953ee753a', 'CozyBeanBag', 'Extra large bean bag chair.', 60, 'https://pixabay.com/photos/bean-bag-chair-furniture-beanbag-2563040/', '66fef740-b6e5-4474-8f2b-a03d0bb0ac13', '5a324837-caf3-41b4-9a79-322533e69515');
INSERT INTO item (id, name, description, price, image, category_id, condition_id) VALUES ('50a1511a-16f5-4deb-a560-447adfdc2a8c', 'Fitness Tracker Band', 'Wearable fitness tracker with heart rate monitor.', 45, 'https://pixabay.com/photos/smart-watch-arm-wrist-watch-821559/', 'c07841f8-53d4-4ab7-b813-890125d2fed4', '5a324837-caf3-41b4-9a79-322533e69515');
INSERT INTO item (id, name, description, price, image, category_id, condition_id) VALUES ('95ad64d4-748d-469f-8c7b-72f8d65e1ec4', 'MagicScience Kit', 'Science experiment kit for kids.', 20, 'https://pixabay.com/photos/cute-boy-child-playing-toy-kid-3194971/', '35835fdf-3942-47f5-970a-9abdb38f3430', '191e8bea-7419-4b91-b31c-96a948e3d0a7');
INSERT INTO item (id, name, description, price, image, category_id, condition_id) VALUES ('22601ff2-077d-410a-a63f-37e98361ba63', 'Museum Explorer Pass', 'Pass for exploring historical museums in the city.', 35, 'https://pixabay.com/photos/tickets-cinema-ticket-office-cinema-1027127/', '773a2740-c050-41e6-b2b9-ed67eb2bbe51', '5a324837-caf3-41b4-9a79-322533e69515');
INSERT INTO item (id, name, description, price, image, category_id, condition_id) VALUES ('a6353a7a-6169-42b1-ac65-c0ca8eb2a9bc', 'Portable Bluetooth Speaker', 'Compact speaker with impressive sound quality.', 50, 'https://pixabay.com/photos/bluetooth-speaker-amplifier-music-2599770/', '6ee962cb-04ad-42dc-a923-22b60d743c27', '5a324837-caf3-41b4-9a79-322533e69515');
INSERT INTO item (id, name, description, price, image, category_id, condition_id) VALUES ('c23f7e30-21bc-4f47-a82c-12f79cb899df', 'Elegant Study Lamp', 'LED study lamp with adjustable brightness.', 45, 'https://pixabay.com/photos/table-lamp-light-lighting-2562324/', '66fef740-b6e5-4474-8f2b-a03d0bb0ac13', '191e8bea-7419-4b91-b31c-96a948e3d0a7');
INSERT INTO item (id, name, description, price, image, category_id, condition_id) VALUES ('a7347ca0-df19-48a6-97a0-6b7fd9ee7f06', 'RainRunner Jacket', 'Lightweight waterproof jacket perfect for runners.', 70, 'https://pixabay.com/photos/jacket-clothing-sport-blue-2585810/', 'c07841f8-53d4-4ab7-b813-890125d2fed4', '191e8bea-7419-4b91-b31c-96a948e3d0a7');
INSERT INTO item (id, name, description, price, image, category_id, condition_id) VALUES ('0470a8bf-ac4a-4401-87af-ac21ab70c2f2', 'Castle Building Blocks', 'Wooden blocks for building castles and forts.', 25, 'https://pixabay.com/photos/game-blocks-tower-play-wood-5596231/', '35835fdf-3942-47f5-970a-9abdb38f3430', '191e8bea-7419-4b91-b31c-96a948e3d0a7');
INSERT INTO item (id, name, description, price, image, category_id, condition_id) VALUES ('d2ae33ab-d270-4db2-8a9e-0b58d40be9eb', 'National Park Pass', 'Annual pass to national parks and natural reserves.', 60, 'https://pixabay.com/photos/admission-coupon-admit-believe-2974645/', '773a2740-c050-41e6-b2b9-ed67eb2bbe51', '5a324837-caf3-41b4-9a79-322533e69515');
INSERT INTO item (id, name, description, price, image, category_id, condition_id) VALUES ('2dc40dbe-415f-4d4b-9bb8-889fcc8e9e8b', 'Sunrise Alarm Clock', 'Alarm clock that simulates sunrise for gentle waking.', 40, 'https://pixabay.com/photos/alarm-clock-time-of-good-morning-2116007/', '6ee962cb-04ad-42dc-a923-22b60d743c27', '191e8bea-7419-4b91-b31c-96a948e3d0a7');
INSERT INTO item (id, name, description, price, image, category_id, condition_id) VALUES ('57a94b19-ff0d-477b-a1df-7e6628617177', 'SpaceSaver Desk', 'Compact desk ideal for small spaces.', 120, 'https://pixabay.com/photos/desk-furniture-table-wood-space-5149757/', '66fef740-b6e5-4474-8f2b-a03d0bb0ac13', '191e8bea-7419-4b91-b31c-96a948e3d0a7');
INSERT INTO item (id, name, description, price, image, category_id, condition_id) VALUES ('e6ad0509-1da0-47ac-96b1-ffcfbee2532f', 'EcoFriendly Tote Bag', 'Reusable and eco-friendly shopping tote bag.', 15, 'https://pixabay.com/photos/bag-cotton-bag-carrying-bag-3623086/', 'c07841f8-53d4-4ab7-b813-890125d2fed4', '191e8bea-7419-4b91-b31c-96a948e3d0a7');
INSERT INTO item (id, name, description, price, image, category_id, condition_id) VALUES ('6a495c4e-699d-4f24-a5ed-eac05c5a5885', 'Superhero Action Figures', 'Set of 4 superhero action figures.', 40, 'https://pixabay.com/photos/superhero-toy-figurine-figure-5702578/', '35835fdf-3942-47f5-970a-9abdb38f3430', '191e8bea-7419-4b91-b31c-96a948e3d0a7');
INSERT INTO item (id, name, description, price, image, category_id, condition_id) VALUES ('d2a89db0-2305-4718-95ed-917f18cbd3e9', 'Live Jazz Night', 'Entry ticket to an exclusive live jazz evening.', 50, 'https://pixabay.com/photos/musician-trumpet-metal-jazz-349790/', '773a2740-c050-41e6-b2b9-ed67eb2bbe51', '191e8bea-7419-4b91-b31c-96a948e3d0a7');
INSERT INTO item (id, name, description, price, image, category_id, condition_id) VALUES ('23db2f77-5ef4-4cb0-b57b-df939e531093', 'StreamMic Pro', 'Studio-quality USB microphone for streaming.', 120, 'https://pixabay.com/photos/microphone-mixer-cable-jack-2618102/', '6ee962cb-04ad-42dc-a923-22b60d743c27', '191e8bea-7419-4b91-b31c-96a948e3d0a7');
INSERT INTO item (id, name, description, price, image, category_id, condition_id) VALUES ('e1c13a13-71c3-42a8-9b76-3680fd90e712', 'Orbit Swivel Chair', 'Modern swivel chair with ergonomic design.', 180, 'https://pixabay.com/photos/office-chair-furniture-room-table-3620197/', '66fef740-b6e5-4474-8f2b-a03d0bb0ac13', '5a324837-caf3-41b4-9a79-322533e69515');
INSERT INTO item (id, name, description, price, image, category_id, condition_id) VALUES ('858af888-cd59-4a05-9c4d-94ead1a71385', 'Winter Bliss Scarf', 'Soft, knitted winter scarf in various colors.', 30, 'https://pixabay.com/photos/knit-scarf-strickliesel-2099027/', 'c07841f8-53d4-4ab7-b813-890125d2fed4', '5a324837-caf3-41b4-9a79-322533e69515');
INSERT INTO item (id, name, description, price, image, category_id, condition_id) VALUES ('3627733f-0318-46e0-a516-395ec925d4c2', 'Dragon Plush Toy', 'Cuddly dragon plush toy for children.', 25, 'https://pixabay.com/photos/dragon-doll-toy-stuffed-animal-1616554/', '35835fdf-3942-47f5-970a-9abdb38f3430', '5a324837-caf3-41b4-9a79-322533e69515');
INSERT INTO item (id, name, description, price, image, category_id, condition_id) VALUES ('78b9609d-daf7-47df-aa78-a31e6238033b', 'Opera Night Extravaganza', 'Premium tickets to the Carmen opera night.', 90, 'https://pixabay.com/photos/berlin-opera-concert-hall-314254/', '773a2740-c050-41e6-b2b9-ed67eb2bbe51', '5a324837-caf3-41b4-9a79-322533e69515');
INSERT INTO item (id, name, description, price, image, category_id, condition_id) VALUES ('ba67663e-fb10-4d4c-96b3-09c1b902e5c1', 'VR Headset Adventure', 'Immersive virtual reality headset for gaming.', 200, 'https://pixabay.com/photos/virtual-reality-oculus-technology-2229924/', '6ee962cb-04ad-42dc-a923-22b60d743c27', '191e8bea-7419-4b91-b31c-96a948e3d0a7');
INSERT INTO item (id, name, description, price, image, category_id, condition_id) VALUES ('4bd8d21b-61d6-44b2-b3ad-df7ad073a850', 'Luminous Bedside Lamp', 'Contemporary bedside lamp with adjustable brightness.', 50, 'https://pixabay.com/photos/lamp-light-lighting-idea-bulb-1667331/', '66fef740-b6e5-4474-8f2b-a03d0bb0ac13', '191e8bea-7419-4b91-b31c-96a948e3d0a7');
INSERT INTO item (id, name, description, price, image, category_id, condition_id) VALUES ('32b61cdb-00c5-4d37-972a-fe1f7cce77fb', 'Trail Explorer Boots', 'Durable hiking boots suitable for all terrains.', 100, 'https://pixabay.com/photos/shoes-hiking-shoes-hiking-walking-566728/', 'c07841f8-53d4-4ab7-b813-890125d2fed4', '5a324837-caf3-41b4-9a79-322533e69515');
INSERT INTO item (id, name, description, price, image, category_id, condition_id) VALUES ('16447998-b211-4333-ad18-578390dae12c', 'Galaxy Puzzle 1000', '1000-piece jigsaw puzzle of the galaxy.', 35, 'https://pixabay.com/photos/puzzle-money-business-finance-2500333/', '35835fdf-3942-47f5-970a-9abdb38f3430', '5a324837-caf3-41b4-9a79-322533e69515');
INSERT INTO item (id, name, description, price, image, category_id, condition_id) VALUES ('7682bbf8-b86e-4bc0-b8b8-c43ae2077b59', 'Tech Conference 2023', 'Access pass to the International Tech Conference 2023.', 250, 'https://pixabay.com/photos/concert-confetti-party-event-2527495/', '773a2740-c050-41e6-b2b9-ed67eb2bbe51', '191e8bea-7419-4b91-b31c-96a948e3d0a7');
INSERT INTO item (id, name, description, price, image, category_id, condition_id) VALUES ('2898386d-6b8c-4748-bc20-e092bf401290', 'Echo Wireless Headphones', 'High-fidelity wireless headphones with ANC.', 85, 'https://pixabay.com/photos/headphones-radio-1950s-15600/', '6ee962cb-04ad-42dc-a923-22b60d743c27', '191e8bea-7419-4b91-b31c-96a948e3d0a7');
INSERT INTO item (id, name, description, price, image, category_id, condition_id) VALUES ('ab8553b9-7625-4172-9ae8-1ff8335b8d64', 'Skyline Office Desk', 'Modern office desk with a minimalist design.', 200, 'https://pixabay.com/photos/office-sit-work-desk-modern-1350989/', '66fef740-b6e5-4474-8f2b-a03d0bb0ac13', '5a324837-caf3-41b4-9a79-322533e69515');
INSERT INTO item (id, name, description, price, image, category_id, condition_id) VALUES ('0ebf7d70-77cf-47ce-87b5-621a52d473fa', 'Summit Hiking Backpack', 'Durable backpack for hiking and outdoor adventures.', 60, 'https://pixabay.com/photos/backpack-hiking-unisex-backpack-1836594/', 'c07841f8-53d4-4ab7-b813-890125d2fed4', '5a324837-caf3-41b4-9a79-322533e69515');
INSERT INTO item (id, name, description, price, image, category_id, condition_id) VALUES ('edc4adc4-103a-44e4-8668-92d590e2bd93', 'Aqua Magic Water Mat', 'Reusable water-drawing mat for kids.', 20, 'https://pixabay.com/photos/children-drawings-baby-paint-4557519/', '35835fdf-3942-47f5-970a-9abdb38f3430', '191e8bea-7419-4b91-b31c-96a948e3d0a7');
INSERT INTO item (id, name, description, price, image, category_id, condition_id) VALUES ('70dab2c0-a39e-4cc0-8ef1-c870a6192112', 'Gourmet Food Expo Pass', 'Entry pass to the international gourmet food expo.', 70, 'https://pixabay.com/photos/ticket-bill-tickets-bills-4063242/', '773a2740-c050-41e6-b2b9-ed67eb2bbe51', '191e8bea-7419-4b91-b31c-96a948e3d0a7');
INSERT INTO item (id, name, description, price, image, category_id, condition_id) VALUES ('cbef99fb-c4a0-4b3b-ba62-c9c17463312c', 'Solar Power Bank', 'Portable solar-powered charger.', 40, 'https://pixabay.com/photos/solar-panel-array-power-sun-1591356/', '6ee962cb-04ad-42dc-a923-22b60d743c27', '5a324837-caf3-41b4-9a79-322533e69515');
INSERT INTO item (id, name, description, price, image, category_id, condition_id) VALUES ('6561962a-c07c-4282-b447-59b7a0cf0578', 'Moonlight Floor Lamp', 'Elegant floor lamp with adjustable lighting.', 110, 'https://pixabay.com/photos/lamp-furniture-contemporary-light-1031149/', '66fef740-b6e5-4474-8f2b-a03d0bb0ac13', '191e8bea-7419-4b91-b31c-96a948e3d0a7');
INSERT INTO item (id, name, description, price, image, category_id, condition_id) VALUES ('dfd425ce-61ea-4aa6-9fdc-e9131a724733', 'Urban Leather Jacket', 'Stylish leather jacket for urban fashion.', 150, 'https://pixabay.com/photos/leather-jacket-clothing-leather-619064/', 'c07841f8-53d4-4ab7-b813-890125d2fed4', '5a324837-caf3-41b4-9a79-322533e69515');
INSERT INTO item (id, name, description, price, image, category_id, condition_id) VALUES ('136ef4a1-68dc-467a-b1fa-0cfa1904095f', 'Miniature Racing Set', 'Slot car racing set for kids and enthusiasts.', 45, 'https://pixabay.com/photos/game-toy-car-children-play-3049861/', '35835fdf-3942-47f5-970a-9abdb38f3430', '5a324837-caf3-41b4-9a79-322533e69515');
INSERT INTO item (id, name, description, price, image, category_id, condition_id) VALUES ('f6843c7e-f929-45ca-9f62-09e5596b8ed8', 'Jazz & Blues Night', 'Ticket to an exclusive jazz and blues music night.', 50, 'https://pixabay.com/photos/piano-music-score-music-sheet-1655558/', '773a2740-c050-41e6-b2b9-ed67eb2bbe51', '191e8bea-7419-4b91-b31c-96a948e3d0a7');
INSERT INTO item (id, name, description, price, image, category_id, condition_id) VALUES ('f0e1f2d3-2da2-4a80-8cca-af0936894cf7', 'Compact Drone with Camera', 'Lightweight drone with HD camera for photography.', 120, 'https://pixabay.com/photos/drone-uav-quadrocopter-4472016/', '6ee962cb-04ad-42dc-a923-22b60d743c27', '191e8bea-7419-4b91-b31c-96a948e3d0a7');
INSERT INTO item (id, name, description, price, image, category_id, condition_id) VALUES ('88beec96-3468-4921-a27d-b79742d4de77', 'Bamboo Bookstand', 'Eco-friendly bookstand made from bamboo.', 35, 'https://pixabay.com/photos/book-book-gift-by-heart-1421097/', '66fef740-b6e5-4474-8f2b-a03d0bb0ac13', '191e8bea-7419-4b91-b31c-96a948e3d0a7');
INSERT INTO item (id, name, description, price, image, category_id, condition_id) VALUES ('904f9e8c-007e-45b0-953c-b6e9b5c48024', 'Active Yoga Mat', 'Non-slip yoga mat for fitness enthusiasts.', 25, 'https://pixabay.com/photos/yoga-outdoor-w', 'c07841f8-53d4-4ab7-b813-890125d2fed4', '191e8bea-7419-4b91-b31c-96a948e3d0a7');
INSERT INTO item (id, name, description, price, image, category_id, condition_id) VALUES ('ab9b20df-8b62-46c1-b23e-ff16e41dc584', 'Mini Drone Explorer', 'Compact drone with HD camera and easy controls.', 90, 'https://pixabay.com/photos/drone-multicopter-dji-791392/', '6ee962cb-04ad-42dc-a923-22b60d743c27', '5a324837-caf3-41b4-9a79-322533e69515');
INSERT INTO item (id, name, description, price, image, category_id, condition_id) VALUES ('86705df0-a25c-4d0e-aae6-3b755c67422d', 'Arctic Office Chair', 'Ergonomic office chair with breathable mesh.', 140, 'https://pixabay.com/photos/office-chair-furniture-seat-chair-4480848/', '66fef740-b6e5-4474-8f2b-a03d0bb0ac13', '5a324837-caf3-41b4-9a79-322533e69515');
INSERT INTO item (id, name, description, price, image, category_id, condition_id) VALUES ('d2bfecc3-6153-4d0b-a54a-50a16d3523d5', 'Urban Backpack', 'Stylish, durable backpack for city commuters.', 70, 'https://pixabay.com/photos/backpack-bag-travel-mountains-1836594/', 'c07841f8-53d4-4ab7-b813-890125d2fed4', '5a324837-caf3-41b4-9a79-322533e69515');
INSERT INTO item (id, name, description, price, image, category_id, condition_id) VALUES ('069b29ac-7dac-479f-995c-1f8abbc0bb03', 'Electric Train Set', 'Realistic electric train set for kids and enthusiasts.', 55, 'https://pixabay.com/photos/train-toy-colorful-toy-train-3169969/', '35835fdf-3942-47f5-970a-9abdb38f3430', '5a324837-caf3-41b4-9a79-322533e69515');
INSERT INTO item (id, name, description, price, image, category_id, condition_id) VALUES ('c70135ad-3e43-46d5-85f9-009978294114', 'Culinary Workshop Pass', 'Entry to a weekend culinary workshop.', 120, 'https://pixabay.com/photos/cooking-course-cooking-school-647580/', '773a2740-c050-41e6-b2b9-ed67eb2bbe51', '191e8bea-7419-4b91-b31c-96a948e3d0a7');
INSERT INTO item (id, name, description, price, image, category_id, condition_id) VALUES ('285b4be3-379d-417f-bc39-bf7d800784c1', 'Waterproof Bluetooth Speaker', 'Portable, waterproof speaker for outdoor use.', 60, 'https://pixabay.com/photos/speaker-bluetooth-audio-4178808/', '6ee962cb-04ad-42dc-a923-22b60d743c27', '5a324837-caf3-41b4-9a79-322533e69515');
INSERT INTO item (id, name, description, price, image, category_id, condition_id) VALUES ('2e0d844a-bae9-4fb3-94f0-8570afa1f183', 'Retro Nightstand', 'Vintage-style nightstand with oak finish.', 80, 'https://pixabay.com/photos/bedroom-bed-side-table-1078889/', '66fef740-b6e5-4474-8f2b-a03d0bb0ac13', '5a324837-caf3-41b4-9a79-322533e69515');
INSERT INTO item (id, name, description, price, image, category_id, condition_id) VALUES ('433b7e85-8c69-4ebf-8e38-92f1767a12d3', 'Fitness Yoga Mat', 'Eco-friendly, non-slip yoga mat for fitness enthusiasts.', 35, 'https://pixabay.com/photos/yoga-fitness-exercise-health-2959216/', 'c07841f8-53d4-4ab7-b813-890125d2fed4', '5a324837-caf3-41b4-9a79-322533e69515');
INSERT INTO item (id, name, description, price, image, category_id, condition_id) VALUES ('c7813d2f-4816-4b9a-8542-77afc702ccb5', 'Build-Your-Robot Kit', 'DIY robot building kit for children.', 45, 'https://pixabay.com/photos/robot-diy-kit-building-2383804/', '35835fdf-3942-47f5-970a-9abdb38f3430', '5a324837-caf3-41b4-9a79-322533e69515');
INSERT INTO item (id, name, description, price, image, category_id, condition_id) VALUES ('5b895f82-e4ab-4488-bda2-393da8c0892f', 'Aquarium Family Pass', 'Family pass for a day at the marine aquarium.', 75, 'https://pixabay.com/photos/fish-aquarium-tank-water-1282410/', '773a2740-c050-41e6-b2b9-ed67eb2bbe51', '5a324837-caf3-41b4-9a79-322533e69515');
INSERT INTO item (id, name, description, price, image, category_id, condition_id) VALUES ('829c728b-942a-487b-9ef7-ce7db17b151e', 'E-Book Reader Classic', 'Lightweight e-book reader with e-ink display.', 110, 'https://pixabay.com/photos/ereader-tablet-ebook-digital-book-329798', '6ee962cb-04ad-42dc-a923-22b60d743c27', '5a324837-caf3-41b4-9a79-322533e69515');
INSERT INTO item (id, name, description, price, image, category_id, condition_id) VALUES ('3ebc28eb-4349-4fd3-bcbf-4971d7a81fd6', 'EchoSound Headphones', 'Over-ear noise-canceling headphones.', 85, 'https://pixabay.com/photos/headphones-headset-music-work-2557593/', '6ee962cb-04ad-42dc-a923-22b60d743c27', '191e8bea-7419-4b91-b31c-96a948e3d0a7');
INSERT INTO item (id, name, description, price, image, category_id, condition_id) VALUES ('e1102742-5626-4a32-a022-eb1f3efffe66', 'Oasis Hammock', 'Outdoor hammock with stand, perfect for relaxation.', 110, 'https://pixabay.com/photos/hammock-relaxing-leisure-summer-820010/', '66fef740-b6e5-4474-8f2b-a03d0bb0ac13', '191e8bea-7419-4b91-b31c-96a948e3d0a7');
INSERT INTO item (id, name, description, price, image, category_id, condition_id) VALUES ('bcd35d2e-5428-4a76-9e26-5aa9a8269109', 'EchoSound Headphones', 'Over-ear noise-canceling headphones.', 85, 'https://pixabay.com/photos/headphones-headset-music-work-2557593/', '6ee962cb-04ad-42dc-a923-22b60d743c27', '191e8bea-7419-4b91-b31c-96a948e3d0a7');
INSERT INTO item (id, name, description, price, image, category_id, condition_id) VALUES ('c53088a6-70fc-44f3-9c7a-63b0e174635e', 'Oasis Hammock', 'Outdoor hammock with stand, perfect for relaxation.', 110, 'https://pixabay.com/photos/hammock-relaxing-leisure-summer-820010/', '66fef740-b6e5-4474-8f2b-a03d0bb0ac13', '191e8bea-7419-4b91-b31c-96a948e3d0a7');
INSERT INTO item (id, name, description, price, image, category_id, condition_id) VALUES ('e6f63ae8-cfed-48ca-a88c-21acc196138e', 'Summit Hiking Backpack', '30L durable backpack for hiking and outdoor use.', 60, 'https://pixabay.com/photos/backpack-hiking-tourism-travel-1149544/', 'c07841f8-53d4-4ab7-b813-890125d2fed4', '5a324837-caf3-41b4-9a79-322533e69515');
INSERT INTO item (id, name, description, price, image, category_id, condition_id) VALUES ('b1675a38-aa22-4ef4-aa40-21650c663a33', 'Ocean Explorer Submarine', 'Remote-controlled submarine toy for pool use.', 45, 'https://pixabay.com/photos/u-boat-simulation-model-u-boat-model-3497214/', '35835fdf-3942-47f5-970a-9abdb38f3430', '5a324837-caf3-41b4-9a79-322533e69515');
INSERT INTO item (id, name, description, price, image, category_id, condition_id) VALUES ('9b3206d2-b42f-48f1-a0e2-e4095faf0973', 'Gourmet Food Expo Pass', 'Entry pass to the annual Gourmet Food Expo.', 50, 'https://pixabay.com/photos/admission-coupon-admit-believe-2974645/', '773a2740-c050-41e6-b2b9-ed67eb2bbe51', '5a324837-caf3-41b4-9a79-322533e69515');
INSERT INTO item (id, name, description, price, image, category_id, condition_id) VALUES ('cba19f2a-e3fd-4f9a-9860-c5729f68eb26', 'SkyDrone Pro', '4K camera drone with GPS and auto-return.', 300, 'https://pixabay.com/photos/drone-uav-sky-clouds-quadrocopter-4073933/', '6ee962cb-04ad-42dc-a923-22b60d743c27', '5a324837-caf3-41b4-9a79-322533e69515');
INSERT INTO item (id, name, description, price, image, category_id, condition_id) VALUES ('f06649f5-7346-49f6-b9aa-c3fd29ca6886', 'Twilight Floor Lamp', 'Modern floor lamp with adjustable settings.', 90, 'https://pixabay.com/photos/lamp-lighting-light-fixture-2286924/', '66fef740-b6e5-4474-8f2b-a03d0bb0ac13', '5a324837-caf3-41b4-9a79-322533e69515');
INSERT INTO item (id, name, description, price, image, category_id, condition_id) VALUES ('fb4a4184-05a2-4ea2-a662-483896e74a82', 'Urban Joggers', 'Comfortable and stylish joggers for everyday wear.', 35, 'https://pixabay.com/photos/active-athletic-exercise-fabric-1850927/', 'c07841f8-53d4-4ab7-b813-890125d2fed4', '191e8bea-7419-4b91-b31c-96a948e3d0a7');
INSERT INTO item (id, name, description, price, image, category_id, condition_id) VALUES ('19ee9cf3-7bf6-469e-a9c0-2e4e58958b2f', 'MasterChef Junior Kit', 'Kids cooking set for aspiring young chefs.', 30, 'https://pixabay.com/photos/child-s-cook-child-girl-cook-1937472/', '35835fdf-3942-47f5-970a-9abdb38f3430', '191e8bea-7419-4b91-b31c-96a948e3d0a7');
INSERT INTO item (id, name, description, price, image, category_id, condition_id) VALUES ('b89af26c-b063-4024-98db-c22661d1a5d3', 'Jazz Festival Weekend', 'Weekend tickets to the New Orleans Jazz Festival.', 120, 'https://pixabay.com/photos/concert-crowd-audience-people-768722/', '773a2740-c050-41e6-b2b9-ed67eb2bbe51', '191e8bea-7419-4b91-b31c-96a948e3d0a7');
INSERT INTO item (id, name, description, price, image, category_id, condition_id) VALUES ('048addd0-4ea3-454f-92a8-1933ba0bf07f', 'BeatSync Bluetooth Speaker', 'Compact Bluetooth speaker with dynamic light sync.', 55, 'https://pixabay.com/photos/speakers-speaker-music-sound-1595696/', '6ee962cb-04ad-42dc-a923-22b60d743c27', '5a324837-caf3-41b4-9a79-322533e69515');
INSERT INTO item (id, name, description, price, image, category_id, condition_id) VALUES ('6b4a5842-23e2-4e4b-aa24-7ad641ab9062', 'Serenity Rocking Chair', 'Wooden rocking chair for porch or nursery.', 130, 'https://pixabay.com/photos/rocking-chair-rocking-chair-422197/', '66fef740-b6e5-4474-8f2b-a03d0bb0ac13', '5a324837-caf3-41b4-9a79-322533e69515');
INSERT INTO item (id, name, description, price, image, category_id, condition_id) VALUES ('1fbda055-fb34-4824-b052-eb3b60001614', 'Classic Leather Belt', 'Genuine leather belt, a timeless accessory.', 40, 'https://pixabay.com/photos/leather-belt-buckle-belt-buckle-1633686/', 'c07841f8-53d4-4ab7-b813-890125d2fed4', '5a324837-caf3-41b4-9a79-322533e69515');
INSERT INTO item (id, name, description, price, image, category_id, condition_id) VALUES ('79c9a691-3f67-438b-99f9-78877e11f2f2', 'Build-A-Robot Set', 'DIY robot building kit for kids.', 35, 'https://pixabay.com/photos/robot-mech-machine-technology-507811/', '35835fdf-3942-47f5-970a-9abdb38f3430', '191e8bea-7419-4b91-b31c-96a948e3d0a7');
INSERT INTO item (id, name, description, price, image, category_id, condition_id) VALUES ('9d62aec0-cfce-4131-a9d0-a50fc802b707', 'Vineyard Tour and Tasting', 'Guided tour and wine tasting at a renowned vineyard.', 70, 'https://pixabay.com/photos/wine-glass-white-grapes-vineyard-1761613/', '773a2740-c050-41e6-b2b9-ed67eb2bbe51', '5a324837-caf3-41b4-9a79-322533e69515');
INSERT INTO item (id, name, description, price, image, category_id, condition_id) VALUES ('2042cd83-8773-4b54-a7ed-280a5068e500', 'NightVision Camcorder', 'Camcorder with night vision capability for vlogging.', 220, 'https://pixabay.com/photos/camera-digital-camera-dslr-159862/', '6ee962cb-04ad-42dc-a923-22b60d743c27', '5a324837-caf3-41b4-9a79-322533e69515');
INSERT INTO item (id, name, description, price, image, category_id, condition_id) VALUES ('ba37de19-a968-4288-8ca6-23ff0bae5826', 'Moonlight Wall Shelves', 'Set of three crescent moon-shaped wall shelves.', 65, 'https://pixabay.com/photos/interior-shelf-shelves-wall-wall-shelf-3481037/', '66fef740-b6e5-4474-8f2b-a03d0bb0ac13', '5a324837-caf3-41b4-9a79-322533e69515');
INSERT INTO item (id, name, description, price, image, category_id, condition_id) VALUES ('c0c96fa7-853e-491d-a3c7-b87fa8d745cb', 'Safari Vest', 'Multi-pocket vest for outdoor adventures.', 50, 'https://pixabay.com/photos/fishing-vest-life-jacket-outdoors-1445631/', 'c07841f8-53d4-4ab7-b813-890125d2fed4', '5a324837-caf3-41b4-9a79-322533e69515');
INSERT INTO item (id, name, description, price, image, category_id, condition_id) VALUES ('fe2046a0-fbed-4a5f-859e-19d8645eb833', 'Miniature Dollhouse', 'Detailed miniature dollhouse with furnishings.', 80, 'https://pixabay.com/photos/dollhouse-miniature-mini-room-3330122/', '35835fdf-3942-47f5-970a-9abdb38f3430', '5a324837-caf3-41b4-9a79-322533e69515');
INSERT INTO item (id, name, description, price, image, category_id, condition_id) VALUES ('862bc8ef-d885-4670-8c32-2fa03776ce76', 'Broadway Show "Eclipse"', 'Tickets to the hit Broadway show "Eclipse."', 100, 'https://pixabay.com/photos/theater-cinema-audience-performance-602986/', '773a2740-c050-41e6-b2b9-ed67eb2bbe51', '191e8bea-7419-4b91-b31c-96a948e3d0a7');
INSERT INTO item (id, name, description, price, image, category_id, condition_id) VALUES ('d2dee13a-545a-496b-9b3d-059734802595', 'Compact Solar Charger', 'Portable solar charger for phones and tablets.', 35, 'https://pixabay.com/photos/solar-panel-array-power-sun-electricity-1591357/', '6ee962cb-04ad-42dc-a923-22b60d743c27', '5a324837-caf3-41b4-9a79-322533e69515');
INSERT INTO item (id, name, description, price, image, category_id, condition_id) VALUES ('5d56e539-adff-4f20-aaed-0621213279ea', 'Zen Water Fountain', 'Indoor water fountain for relaxation and ambiance.', 75, 'https://pixabay.com/photos/fountain-water-flow-splashing-3523539/', '66fef740-b6e5-4474-8f2b-a03d0bb0ac13', '191e8bea-7419-4b91-b31c-96a948e3d0a7');
INSERT INTO item (id, name, description, price, image, category_id, condition_id) VALUES ('37319b92-f308-477d-adf4-bd5380cccefe', 'Fitness Leggings', 'High-performance leggings for gym and yoga.', 25, 'https://pixabay.com/photos/yoga-outdoor-woman-pose-young-2176668/', 'c07841f8-53d4-4ab7-b813-890125d2fed4', '191e8bea-7419-4b91-b31c-96a948e3d0a7');
INSERT INTO item (id, name, description, price, image, category_id, condition_id) VALUES ('06ce661d-078f-401e-9777-cfdf90767f23', 'Space Rocket Playset', 'Space-themed playset with rocket and astronauts.', 40, 'https://pixabay.com/photos/rocket-toy-childhood-play-toy-1209695/', '35835fdf-3942-47f5-970a-9abdb38f3430', '5a324837-caf3-41b4-9a79-322533e69515');
INSERT INTO item (id, name, description, price, image, category_id, condition_id) VALUES ('4cbbbe1d-5397-4b50-9433-7ae7b50dfd3f', 'Art Workshop Entry', 'Ticket for a hands-on art and creativity workshop.', 60, 'https://pixabay.com/photos/paint-arts-artist-creative-316598/', '773a2740-c050-41e6-b2b9-ed67eb2bbe51', '5a324837-caf3-41b4-9a79-322533e69515');
INSERT INTO item (id, name, description, price, image, category_id, condition_id) VALUES ('d98bb63f-12f6-4046-aa91-1d7ff83cecf5', 'Smart Weather Station', 'Wireless weather station with smartphone integration.', 75, 'https://pixabay.com/photos/weather-station-meteorology-158784/', '6ee962cb-04ad-42dc-a923-22b60d743c27', '5a324837-caf3-41b4-9a79-322533e69515');
INSERT INTO item (id, name, description, price, image, category_id, condition_id) VALUES ('f0e9f2ef-dc63-412b-9c1f-7f01b5331361', 'Compact Corner Desk', 'Space-saving corner desk for small home offices.', 100, 'https://pixabay.com/photos/office-desk-smartphone-desk-workspace-336373/', '66fef740-b6e5-4474-8f2b-a03d0bb0ac13', '191e8bea-7419-4b91-b31c-96a948e3d0a7');
INSERT INTO item (id, name, description, price, image, category_id, condition_id) VALUES ('e4c6257b-dfd8-404e-b901-4b9d87dfe67d', 'Thermal Windbreaker', 'Lightweight, thermal-lined windbreaker for outdoor use.', 65, 'https://pixabay.com/photos/jacket-clothing-fashion-man-2580422/', 'c07841f8-53d4-4ab7-b813-890125d2fed4', '5a324837-caf3-41b4-9a79-322533e69515');
INSERT INTO item (id, name, description, price, image, category_id, condition_id) VALUES ('9a5a743b-a5c7-4b26-a4db-54a72fc40422', 'Magnetic Building Blocks', 'Set of colorful magnetic building blocks for kids.', 30, 'https://pixabay.com/photos/magnet-colors-toys-game-blocks-1556797/', '35835fdf-3942-47f5-970a-9abdb38f3430', '5a324837-caf3-41b4-9a79-322533e69515');
INSERT INTO item (id, name, description, price, image, category_id, condition_id) VALUES ('00a5e8bf-613a-4fd5-8116-c36f18f28fd5', 'Aquarium Day Pass', 'Day pass for family fun at the city aquarium.', 40, 'https://pixabay.com/photos/jellyfish-aquarium-underwater-4783730/', '773a2740-c050-41e6-b2b9-ed67eb2bbe51', '5a324837-caf3-41b4-9a79-322533e69515');
INSERT INTO item (id, name, description, price, image, category_id, condition_id) VALUES ('9be19728-9c9d-470c-bf2c-d855bda62151', 'Wireless Charging Pad', 'Sleek and fast wireless charging pad for smartphones.', 25, 'https://pixabay.com/photos/charger-mobile-phone-charging-1834229/', '6ee962cb-04ad-42dc-a923-22b60d743c27', '191e8bea-7419-4b91-b31c-96a948e3d0a7');
INSERT INTO item (id, name, description, price, image, category_id, condition_id) VALUES ('6b96e6bd-4ba0-4b8f-9698-9fda46af6c89', 'Vintage Nightstand', 'Classic wooden nightstand with a vintage look.', 80, 'https://pixabay.com/photos/bedroom-bed-side-table-flower-2297200/', '66fef740-b6e5-4474-8f2b-a03d0bb0ac13', '5a324837-caf3-41b4-9a79-322533e69515');
INSERT INTO item (id, name, description, price, image, category_id, condition_id) VALUES ('85a5bc5f-0b11-4d77-92a4-98bf1bc0d854', 'Eco Yoga Mat', 'Eco-friendly, non-slip yoga mat in various colors.', 35, 'https://pixabay.com/photos/yoga-exercise-fitness-woman-health-3053488/', 'c07841f8-53d4-4ab7-b813-890125d2fed4', '5a324837-caf3-41b4-9a79-322533e69515');
INSERT INTO item (id, name, description, price, image, category_id, condition_id) VALUES ('53baa137-dd9d-4a58-af1c-94e148122a20', 'Talking Parrot Plush', 'Interactive plush parrot that mimics speech.', 20, 'https://pixabay.com/photos/parrot-bird-animals-feather-710141/', '35835fdf-3942-47f5-970a-9abdb38f3430', '5a324837-caf3-41b4-9a79-322533e69515');
INSERT INTO item (id, name, description, price, image, category_id, condition_id) VALUES ('17a653fc-9027-4b7a-8c7c-6b8a960dcce4', 'Pocket Power Solar Charger', 'Compact solar charger for on-the-go device charging.', 30, 'https://pixabay.com/photos/solar-panel-array-power-sun-electricity-1591357/', '6ee962cb-04ad-42dc-a923-22b60d743c27', '191e8bea-7419-4b91-b31c-96a948e3d0a7');
INSERT INTO item (id, name, description, price, image, category_id, condition_id) VALUES ('b1fc46fb-c557-4071-9399-ec42bdf22476', 'Rustic Bookcase', 'Wooden bookcase with a rustic finish.', 120, 'https://pixabay.com/photos/bookcase-books-data-library-1840467/', '66fef740-b6e5-4474-8f2b-a03d0bb0ac13', '191e8bea-7419-4b91-b31c-96a948e3d0a7');
INSERT INTO item (id, name, description, price, image, category_id, condition_id) VALUES ('53c62cdb-5e8d-4059-83e8-4a7d41091729', 'Running Compression Shorts', 'High-performance compression shorts for running.', 25, 'https://pixabay.com/photos/shorts-legs-sexy-beautiful-518261/', 'c07841f8-53d4-4ab7-b813-890125d2fed4', '191e8bea-7419-4b91-b31c-96a948e3d0a7');
INSERT INTO item (id, name, description, price, image, category_id, condition_id) VALUES ('59d76498-1137-4314-a8a2-9637d123ab0b', 'Electric Train Set', 'Model electric train set with tracks.', 50, 'https://pixabay.com/photos/model-train-train-model-miniature-2589937/', '35835fdf-3942-47f5-970a-9abdb38f3430', '191e8bea-7419-4b91-b31c-96a948e3d0a7');
INSERT INTO item (id, name, description, price, image, category_id, condition_id) VALUES ('8affebb4-fcae-45c0-a719-a6583d8c49d7', 'Hot Air Balloon Ride', 'Ticket for a scenic hot air balloon ride.', 150, 'https://pixabay.com/photos/balloon-hot-air-balloon-ride-1209842/', '773a2740-c050-41e6-b2b9-ed67eb2bbe51', '191e8bea-7419-4b91-b31c-96a948e3d0a7');
INSERT INTO item (id, name, description, price, image, category_id, condition_id) VALUES ('1e33bba3-cb05-4c66-9f76-572a2eaad15a', 'Retro Gaming Console', 'Vintage-style gaming console with preloaded games.', 60, 'https://pixabay.com/photos/game-remote-gamer-video-2294201/', '6ee962cb-04ad-42dc-a923-22b60d743c27', '5a324837-caf3-41b4-9a79-322533e69515');
INSERT INTO item (id, name, description, price, image, category_id, condition_id) VALUES ('0813598a-d7d5-43c5-a66d-8ef9c94d5b7a', 'Adjustable Standing Desk', 'Ergonomic standing desk with height adjustment.', 200, 'https://pixabay.com/photos/stand-up-desk-workspace-office-791464/', '66fef740-b6e5-4474-8f2b-a03d0bb0ac13', '5a324837-caf3-41b4-9a79-322533e69515');
INSERT INTO item (id, name, description, price, image, category_id, condition_id) VALUES ('d52edb72-8c5e-4d2e-b432-b15f9e1cc1b3', 'Waterproof Cycling Jacket', 'Lightweight, waterproof jacket for cycling.', 70, 'https://pixabay.com/photos/rain-jacket-outdoor-rainproof-4987360/', 'c07841f8-53d4-4ab7-b813-890125d2fed4', '5a324837-caf3-41b4-9a79-322533e69515');
INSERT INTO item (id, name, description, price, image, category_id, condition_id) VALUES ('c2a71586-55ca-4148-abd4-916925d07a0b', 'Dinosaur Fossil Dig Kit', 'Excavation kit for digging up dinosaur fossils.', 20, 'https://pixabay.com/photos/dinosaur-archaeology-fossil-archeology-3670355/', '35835fdf-3942-47f5-970a-9abdb38f3430', '5a324837-caf3-41b4-9a79-322533e69515');
INSERT INTO item (id, name, description, price, image, category_id, condition_id) VALUES ('4c5703d1-b683-40ab-afea-ac763bb845f3', 'Luxury Spa Day Pass', 'Day pass for a luxury spa experience.', 90, 'https://pixabay.com/photos/wellness-massage-relax-relaxing-285587/', '773a2740-c050-41e6-b2b9-ed67eb2bbe51', '191e8bea-7419-4b91-b31c-96a948e3d0a7');
INSERT INTO item (id, name, description, price, image, category_id, condition_id) VALUES ('730168ce-e04b-4c29-8c0d-a080a4b773d6', 'Smart Home Security Camera', 'Wi-Fi-enabled home security camera with app control.', 80, 'https://pixabay.com/photos/camera-monitoring-security-cam-1584716/', '6ee962cb-04ad-42dc-a923-22b60d743c27', '5a324837-caf3-41b4-9a79-322533e69515');
INSERT INTO item (id, name, description, price, image, category_id, condition_id) VALUES ('fcb73a5e-a42e-4615-8c2e-3dfe4ac67427', 'Bamboo Bath Caddy', 'Expandable bamboo caddy for bathtime convenience.', 35, 'https://pixabay.com/photos/bath-tub-bamboo-bathroom-bath-2533336/', '66fef740-b6e5-4474-8f2b-a03d0bb0ac13', '5a324837-caf3-41b4-9a79-322533e69515');
INSERT INTO item (id, name, description, price, image, category_id, condition_id) VALUES ('7e382d2c-b6ae-4709-aaa8-c4ae20ee034c', 'Leather Messenger Bag', 'Stylish leather messenger bag for everyday use.', 90, 'https://pixabay.com/photos/briefcase-leather-bag-leather-case-1850912/', 'c07841f8-53d4-4ab7-b813-890125d2fed4', '191e8bea-7419-4b91-b31c-96a948e3d0a7');
INSERT INTO item (id, name, description, price, image, category_id, condition_id) VALUES ('5c48ae13-8224-497c-9d8c-54e6150c2595', 'Interactive Globe', 'Educational globe with interactive features for kids.', 45, 'https://pixabay.com/photos/globe-world-map-earth-geography-110775/', '35835fdf-3942-47f5-970a-9abdb38f3430', '5a324837-caf3-41b4-9a79-322533e69515');
INSERT INTO item (id, name, description, price, image, category_id, condition_id) VALUES ('37a5d231-3503-4119-a424-3405034b44ab', 'Guided Mountain Hiking Tour', 'Guided hiking tour in the scenic mountain range.', 65, 'https://pixabay.com/photos/mountain-climbing-mountain-climber-455338/', '773a2740-c050-41e6-b2b9-ed67eb2bbe51', '5a324837-caf3-41b4-9a79-322533e69515');
INSERT INTO item (id, name, description, price, image, category_id, condition_id) VALUES ('b36d2421-7440-4df4-93c1-df34436367e1', 'Bluetooth Vinyl Record Player', 'Vintage-style record player with Bluetooth capability.', 100, 'https://pixabay.com/photos/turntable-vinyl-retro-vintage-music-1337986/', '6ee962cb-04ad-42dc-a923-22b60d743c27', '5a324837-caf3-41b4-9a79-322533e69515');
INSERT INTO item (id, name, description, price, image, category_id, condition_id) VALUES ('24e28c19-94fe-43a6-95c6-2cb52bedd808', 'Minimalist Wall Clock', 'Sleek and modern wall clock with a minimalist design.', 40, 'https://pixabay.com/photos/clock-wall-clock-watch-time-old-1274699/', '66fef740-b6e5-4474-8f2b-a03d0bb0ac13', '191e8bea-7419-4b91-b31c-96a948e3d0a7');
